id,FirstName,LastName,Title,acctid,BillingStreet,BillingCity,BillingState,BillingPostalCode,Phone,Fax
1,Jerilyn,Roser,Analyst,38,1288 Cold Oak Glen,LEDGEWOOD,tx,68418,959-155-6970,800-273-4838
2,Joe,Zeller,Dir Tech Svcs,6,4453 Windy Bear Place,MERCER,wi,76185,274-333-2673,557-885-8316
3,Loren,Delafuente,SVP,6,57532 Auburn Fox Bank,SLAB FORK,mo,71038,505-853-6824,590-249-4061
4,Joanna,Diaz,Analyst,16,32523 Still Fox Stroll,PULASKI,nd,84151,703-391-9479,965-152-2200
5,Joe,Milner,Analyst,67,95357 Heather Branch Park,NEW YORK,oh,24957,521-583-5281,485-827-8662
6,Alvin,Addison,Analyst,54,7975 Gentle Willow Orchard,MC FARLAND,ca,83337,974-709-5091,692-179-7477
7,Danny,Lanham,Dir Tech Svcs,45,42511 Lonely Snake Point,LANSING,va,51572,484-750-2193,352-477-4380
8,James,Wilson,Analyst,26,28681 Pretty Cottage Round,EAST HELENA,tx,93515,464-544-4219,458-356-4302
9,Joshua,Branch,Dir Tech Svcs,12,67131 Stony Swan Farms,HEALDTON,tx,28344,643-509-7713,149-909-9194
10,Laura,Moore,SVP,66,23700 Shady Rabbit Court,OREANA,nc,60130,161-912-8195,415-241-7618
11,Sarah,Norris,Dir Tech Svcs,46,6066 Lone Blossom Vista,ROCHESTER,oh,71933,560-621-7628,212-310-3573
12,Anthony,Clarke,Dir Tech Svcs,6,9978 Long Bear Highlands,WEST FALMOUTH,il,01960,731-710-2171,191-222-5806
13,Leanne,Stewart,Dir Tech Svcs,5,48508 Sandy Castle Point,CLEVELAND,nj,26419,903-653-3269,168-288-1488
14,Betsy,Kaufman,Dir Tech Svcs,50,10316 Burning Deer Meadow,LEXINGTON,ny,46865,785-972-7970,340-715-9036
15,Martin,Harris,CDO,36,18915 Sleepy Mountain Flats,DPO,ma,84116,390-471-2963,812-285-9849
16,Catherine,Metzger,CDO,28,39448 Still Branch Rove,VENICE,fl,11797,775-276-7782,693-247-1742
17,Enrique,Alpert,Analyst,68,49916 Small Island Acres,CROPSEYVILLE,ks,94578,293-891-2266,518-410-6782
18,David,Hurst,Analyst,31,86400 Easy Bluff Trail,KLICKITAT,dc,60038,341-386-7577,304-541-2602
19,Dolores,Perez,Dir Tech Svcs,18,857 Strong Dove View,ENGLEWOOD,tx,95221,158-768-1970,733-473-6639
20,Thelma,Tucker,Sr. Business Dr,54,11769 Harvest Prairie Pass,HARRISBURG,pa,29614,534-292-3947,990-217-2487
21,Julie,Mckee,SVP,19,472 Iron Cloud Dale,BLAIR,pa,57024,171-291-2528,359-448-7176
22,William,Hester,CDO,24,35959 Grand Nut Way,TANGENT,ri,12183,341-784-9348,418-398-6570
23,Barbara,Wilson,Dir Tech Svcs,64,7274 Gentle Pumpkin Race,RACINE,sd,72611,210-963-9994,628-478-9308
24,William,Lenard,Dir Tech Svcs,32,87138 Big Spring Court,APO,ca,16619,332-618-1801,455-282-4782
25,Clementine,Styers,Analyst,55,5502 Tawny Branch Wander,AKRON,in,31207,417-884-5873,366-771-8679
26,Mario,Hunter,CDO,97,44138 Round Feather Path,GRAND CHAIN,ca,83554,831-520-6653,245-379-8320
27,Erin,Ellis,Dir Tech Svcs,81,5145 Amber Pond Alcove,PHEBA,ca,61374,609-937-8375,425-430-7873
28,Sidney,Jensen,CDO,87,32079 Little Maple Bend,VIENNA,nc,14815,194-346-7817,942-980-7560
29,Kathleen,Fraher,CDO,67,4489 Pearl Pony Field,TWO DOT,al,74820,754-183-7067,509-369-9001
30,Elizabeth,Mccarthy,CDO,48,6533 Still Apple Lagoon,PEORIA,tx,76006,690-538-1541,734-512-2912
31,Maria,Hawkins,CDO,71,16144 Rustic Mountain Twist,BOOTH,fl,52761,589-510-4939,527-467-2909
32,Pat,Toothman,CDO,70,26217 Grand Fox Swale,DECLO,in,63401,821-887-8141,245-562-2220
33,Kyle,Lewis,CDO,51,8739 Dusty Grove Canyon,BUXTON,wa,61266,615-416-9087,326-681-1846
34,Joan,Chamberlain,Analyst,17,26915 Cold Anchor Grove,BEAUMONT,ny,10520,644-841-6365,149-889-9032
35,David,Garner,Analyst,75,66475 Sunny Beaver Ledge,SAN JOSE,tn,35905,113-881-6340,640-777-8592
36,Nancy,Fryman,Analyst,63,94292 Cinder Pebble Promenade,ELMER CITY,ny,95252,338-196-7446,710-936-5363
37,John,Hall,CDO,7,22437 Birch Apple Trace,ALDEN,ca,01902,515-140-7719,178-530-7363
38,Jasmine,Fanning,Dir Tech Svcs,26,3220 Pretty Goat Mews,LEONARDTOWN,fl,12438,517-170-4445,577-988-8453
39,Adam,Perry,Analyst,69,60811 Windy Elm Trace,LENEXA,me,19487,982-739-4724,725-945-3228
40,Betty,Collins,Dir Tech Svcs,60,2530 Heather Pine Turn,GOLD BEACH,fl,51038,633-952-1385,491-855-1634
41,Kathleen,Numbers,Analyst,67,605 Lone Forest Cut,GREEN VALLEY LAKE,id,93725,423-461-2492,865-332-9894
42,Irene,White,Dir Tech Svcs,81,17748 Grand Robin Dale,PIKETON,ca,67731,946-921-3160,736-533-7388
43,Lisa,Arthur,Analyst,2,2999 Amber Axe Shoal,PENSACOLA,fl,55311,941-781-6044,889-936-6208
44,Kathy,Gamble,CDO,74,68043 Broad Squirrel Path,NORWAY,nv,40366,178-739-7451,226-736-3622
45,Melvin,Tran,Dir Tech Svcs,56,96439 Misty Maple Avenue,GLENALLEN,nh,35478,168-657-7647,490-834-7482
46,Timothy,Harris,CDO,17,979 Burning Butterfly Valley,HUNTLEY,ma,35805,396-978-6032,525-884-5278
47,Ricky,Brown,CDO,15,35091 Cotton Brook Trail,HENDERSON,oh,68954,867-139-5833,258-947-4729
48,Natasha,Will,Dir Tech Svcs,33,145 Emerald Butternut Jetty,SANTA ROSA,md,11421,546-806-8169,721-196-9947
49,Krista,Decker,SVP,9,34991 Lonely Mountain Shoal,WALKER,md,95315,650-498-7015,890-343-3200
50,Jared,Willis,CDO,1,24690 Hidden Pebble Orchard,NORWOOD,ok,70715,410-677-2527,508-166-2513
51,Donald,Brister,Analyst,42,357 Crystal Log Stroll,FORT FAIRFIELD,ny,97441,114-559-9556,591-661-9174
52,Leon,Nations,Analyst,40,4027 Auburn Nut Run,LYNN,ca,10021,753-714-1007,301-648-8926
53,Tyler,Collett,CDO,20,58751 Crystal Butterfly Circle,BLANDFORD,ga,16235,708-605-8548,449-136-8859
54,Joshua,Hatchell,CDO,11,71842 Golden Goat Stroll,ZEPHYR,nv,48122,703-520-7657,530-981-7386
55,Eric,Kirby,CDO,95,74332 Auburn Goat Bend,NEW YORK,il,83601,871-128-5126,180-139-2228
56,William,Owens,CDO,48,6357 Broad Mountain Acres,CUBA,oh,75002,848-976-4859,563-692-9173
57,Claudia,Hofer,Analyst,17,2006 Misty Goat Lane,SAINT CHARLES,ca,55706,321-306-7803,516-891-5681
58,Cathryn,Dickerson,Sr. Business Dr,43,42506 High Panda Farms,SUNNYVALE,in,65344,253-208-1750,767-645-5695
59,Marian,Ramos,SVP,49,268 Orange Barn Stead,EUREKA,nc,61546,170-702-7942,477-542-3678
60,Maria,Mcmahon,CDO,84,3263 Rough Panda Swale,CHAUVIN,tx,41092,828-149-7260,510-193-7537
61,Leta,Stark,CDO,47,94364 Long Fox Edge,BELLAIRE,ny,46816,308-108-7538,184-272-8877
62,Kenneth,Hatfield,CDO,7,21176 Quaint Apple Villa,BRIDGEPORT,la,65611,715-179-9472,581-293-1995
63,Janet,Jowett,Analyst,61,76937 Silent Bear Manor,COLUMBUS,al,54324,973-965-3694,303-807-1862
64,Peter,Phillips,Analyst,51,684 Big Rabbit Glen,PHILADELPHIA,in,35649,163-389-1391,569-665-3037
65,Mary,Manley,CDO,19,15608 Middle Prairie Trace,AUSTIN,wi,67213,711-725-3444,967-212-9167
66,Ryan,Steinberg,Dir Tech Svcs,35,4778 Hush Squirrel Swale,SEAFORD,mo,88517,597-762-6560,586-711-8951
67,Karl,Nielsen,Dir Tech Svcs,5,303 Easy Bluff Field,MANASSAS,ca,59471,603-114-7592,707-871-2031
68,John,Allen,Sr. Business Dr,89,2634 Sleepy Flower Edge,MULLEN,tx,68380,714-912-9794,188-772-2181
69,Sonja,Cooke,SVP,2,74836 Sandy Anchor Run,SOMERSET,or,30678,606-762-2364,698-923-1594
70,Manuel,Schmalz,Analyst,47,55839 Crimson Holly Edge,ALBURNETT,ne,28551,362-688-2620,502-307-9504
71,Timothy,Johnson,SVP,3,21246 Tawny Axe Place,JOICE,nm,94620,346-708-4619,301-294-6815
72,David,Nelson,CDO,15,10395 Sweet Elk Valley,BLUEGROVE,mi,37212,252-534-9398,898-316-5085
73,Traci,Mcdaniel,Analyst,72,95378 Indian Rabbit Glen,SAN MATEO,ca,72701,682-993-7755,359-705-1239
74,Maxine,Stair,CDO,75,55302 Windy Treasure Cove,KEENESBURG,ca,30119,101-623-9713,778-669-7920
75,Dalton,Palmer,Analyst,98,69 Pearl Log Arbor,AMESBURY,tx,24045,585-274-6855,340-847-5862
76,Renee,Blackshear,Dir Tech Svcs,77,29327 Grand Shadow Drive,LAGRANGE,nj,42452,656-713-1830,823-374-7999
77,Jim,Abbott,CDO,34,35686 Silent Horse Isle,BEVERLY HILLS,tx,70821,351-452-5424,416-179-9862
78,Robert,Stinson,CDO,62,13845 Golden Diamond Shoal,LACROSSE,tx,43652,851-655-7623,288-171-5665
79,Christopher,Ely,SVP,62,12436 Burning Blossom Dell,STRAWBERRY,oh,05775,765-811-7948,685-520-6259
80,John,Husman,Analyst,21,13850 Velvet Blossom Knoll,HUNTSVILLE,nc,56474,894-210-6499,984-398-9009
81,Dale,Wilburn,SVP,77,7067 Cotton Hills Acres,HONAUNAU,il,95035,512-700-3588,836-751-4451
82,Martha,Johnson,Analyst,21,265 Sleepy Embers Road,MADISON,md,98011,894-349-6766,373-655-8056
83,Robert,Peterson,Analyst,92,3502 Pearl Nut Run,HOMESTEAD,la,98922,250-442-5322,939-470-3419
84,Clemente,Winslow,Analyst,81,84790 Lost Horse Falls,LUCIEN,me,12828,228-414-7286,826-317-1220
85,Valerie,Barnes,CDO,21,90820 Rose Pebble Isle,HELENA,ny,97071,807-777-7236,512-333-8167
86,Christopher,Edwards,Dir Tech Svcs,84,20594 Sunny Bridge View,ORANGEBURG,ny,76043,645-857-9835,905-303-3333
87,Jimmy,Barnes,Dir Tech Svcs,81,58467 Rose Bear Drive,CHARLESTON,ny,17402,581-270-5472,449-433-5934
88,Harold,Murphy,SVP,94,92749 Velvet Autumn Hollow,CORNELIA,ny,92589,576-427-8205,196-703-4978
89,Eddy,Stone,Sr. Business Dr,9,16 Silver Zephyr Quay,HARDY,tx,05872,360-855-9786,970-528-5416
90,Deborah,Henson,Analyst,60,8495 Sweet Bear Twist,DENVER,ny,73756,432-505-9292,359-280-4689
91,Paula,Griffin,SVP,72,596 Gentle Willow Journey,PEPEEKEO,fl,43971,915-404-4269,294-857-1860
92,Antoinette,Smith,Dir Tech Svcs,58,87451 Happy Brook Bayou,SACRAMENTO,oh,12526,663-772-6985,309-193-8091
93,Kathryn,Leonard,SVP,80,48525 Lost Castle Arbor,DORCHESTER,ut,16352,223-275-3546,560-462-5614
94,Brenda,Oakman,Analyst,10,50166 Harvest Snake Estates,JERSEY CITY,sc,94145,616-685-8332,675-985-6441
95,John,Rhea,CDO,95,21316 Merry Shadow Journey,FOMBELL,ca,56359,620-712-9967,931-945-5203
96,Jeremy,Mason,Analyst,78,67405 Quiet Dove Ledge,WATERVILLE,in,67138,449-336-3725,541-935-8744
97,Charles,Rodriguez,SVP,28,73585 Orange Deer Swale,RADCLIFFE,fl,83239,667-646-3476,987-345-1676
98,Margaret,Cloer,Sr. Business Dr,81,2664 Lazy Deer Gardens,GUADALUPE,ca,37888,268-854-4129,791-568-2133
99,Steven,Dominquez,Sr. Business Dr,18,43472 Ivory Pony Glen,MOORESVILLE,wa,61920,680-656-3934,868-381-9238
100,Stevie,Sosa,Analyst,72,38057 Noble Pond Trail,WANCHESE,ma,54926,972-407-1292,143-331-5377
101,Sergio,Graham,SVP,25,67448 Blue Acorn Orchard,CHICOPEE,az,57521,207-590-1603,403-932-3285
102,Nelda,Baker,SVP,3,7860 Strong Zephyr Park,BRISTOL,al,15432,392-802-5775,229-209-8493
103,Marisela,Mederos,CDO,68,88885 Small Elm Bluff,CLEVELAND,tx,57437,689-675-2984,294-211-8365
104,Dewey,Kisner,CDO,48,99455 Easy Lake Pace,PRESTONSBURG,az,74082,433-682-3250,301-238-1234
105,Ignacio,Shine,Analyst,96,68322 Emerald Prairie Terrace,NADA,ga,95617,651-432-5432,586-889-3836
106,Ernest,Bailey,Sr. Business Dr,20,9789 Sleepy Flower Glen,ROCHESTER,ar,15132,536-132-8308,592-206-4664
107,Jody,Sweet,Dir Tech Svcs,30,71919 Misty Gate Byway,BATH,ny,34601,970-320-4194,392-307-2712
108,Jason,Leclair,Dir Tech Svcs,12,82678 Indian Squirrel Trail,WHITESTOWN,mi,95655,918-599-8047,531-210-6033
109,Lester,Rittenhouse,Analyst,51,81595 Windy Mill Place,SANTEE,oh,49945,203-344-2169,750-264-6143
110,Jose,Mudd,Dir Tech Svcs,89,22577 Crimson Butternut Ramble,LOUISVILLE,ca,42050,830-370-2082,690-643-2846
111,Mark,Grell,Dir Tech Svcs,66,7052 Stony Goose Estates,DENVER,id,97413,143-834-5954,168-627-4338
112,Pamela,Adorno,Analyst,97,179 Cozy Leaf Lace,VERSAILLES,ks,80116,288-235-6620,195-874-4699
113,Sharon,Street,CDO,55,90998 Square Sky Niche,PITTSBURG,ca,36032,497-789-5343,428-720-5814
114,Steve,Mcmiller,Dir Tech Svcs,87,10917 Thunder Nest Dale,SAN JOSE,mo,05148,889-626-4496,524-656-4739
115,Irma,Cowan,SVP,97,273 Lone Quail Terrace,ROPESVILLE,pa,23845,800-340-9318,413-922-8198
116,Jessica,Johnson,CDO,34,47938 Merry Nest Circle,NORWAY,co,62870,518-712-1082,327-319-6813
117,Guadalupe,Tomko,CDO,11,60817 Orange Beacon Valley,SAINT CLOUD,ca,19906,924-845-4796,125-556-4416
118,Robert,Greenleaf,SVP,62,9798 Calm Nut Point,LANCASTER,nv,29142,732-831-6457,340-599-7566
119,Barry,Graver,Dir Tech Svcs,35,866 Fallen Hickory Terrace,HOLLYWOOD,pa,62366,748-421-7213,303-100-9802
120,Lanita,Novak,Analyst,56,10076 Still Castle Pass,ROYAL OAK,ny,05732,236-139-9278,102-623-9700
121,Jared,Reyes,Dir Tech Svcs,65,408 Thunder Holly Point,JACKSONVILLE,md,55155,405-915-3042,425-730-6114
122,William,Gelb,Analyst,14,24340 Cozy Lamb Trail,LITTLE ELM,il,41739,456-423-7623,894-810-7711
123,Winnie,Robles,Analyst,26,60021 Hidden Horse Field,OTTOSEN,ny,70175,184-858-3134,750-433-8385
124,Brenda,Herron,Analyst,51,584 Turning Creek Edge,PLENTYWOOD,sd,86334,546-268-4703,661-654-6923
125,Margaret,Ramos,SVP,20,17598 Velvet Dale Vale,BREWERTON,fl,85261,127-981-7593,255-703-4264
126,Noemi,Brookins,Analyst,73,16861 Red Branch Swale,GARNER,oh,98406,328-328-1146,965-959-3473
127,Maria,Blake,CDO,60,60254 Lonely Stone Trace,ALBANY,wi,83241,877-288-9476,612-671-7206
128,Robert,Hudgens,Analyst,88,11466 Quiet Cottage Isle,ARNETT,oh,30609,901-771-6449,104-435-5744
129,James,Kauffman,SVP,79,5338 Sunny Horse Meadow,CLINTON,ca,48818,526-323-8610,165-237-3284
130,Tina,Stadler,Dir Tech Svcs,48,4526 Cool Spring Court,PALMYRA,ca,42285,794-121-9298,990-560-6626
131,Elaine,Smith,Dir Tech Svcs,72,6 Noble Dove Glen,CALABASAS,nc,30185,249-110-3227,168-577-6946
132,Veronica,Wiltz,Analyst,17,6211 Cold Flower Place,KANSAS CITY,tx,70884,623-412-2295,149-403-1107
133,Thomas,Phillips,CDO,34,58049 Velvet Nectar Run,LIBERAL,pa,28806,602-768-8018,507-896-7735
134,Michael,Higgins,Analyst,97,571 Amber Goat Acres,TAMPA,pa,61043,795-704-5320,285-925-9761
135,Margaret,Jordan,Dir Tech Svcs,79,47807 Foggy Fox Bluff,PORTLAND,ca,66624,298-508-9400,348-509-4109
136,Robert,Herring,Dir Tech Svcs,55,22681 Orange Axe Bluff,WINN,mi,54645,552-828-8869,515-290-5513
137,Brandy,Bell,SVP,18,8186 Happy Branch Pass,NEDROW,ny,62095,796-688-1879,496-875-8201
138,Gary,Jackson,CDO,52,2 Iron Lake Cove,GREENWELL SPRINGS,ky,06355,309-578-6809,979-317-4387
139,Timothy,Rickard,Analyst,89,84096 Red Wagon Circle,BETHEL,tx,95194,501-843-2479,446-591-7524
140,Lucille,Smith,SVP,14,5850 Iron Rabbit Park,PEKIN,az,28643,249-702-1292,504-103-3593
141,Demetria,Pierce,CDO,29,78137 High Bluff Quay,NEW CASTLE,ca,76707,409-962-9246,888-417-5841
142,Daniel,Hammack,Analyst,34,97284 Hush Pioneer Drive,EVANSVILLE,nv,50219,380-277-9002,138-447-8839
143,Melissa,Young,SVP,73,52133 Big Swan Manor,GUNNISON,tx,33758,287-273-9357,369-735-5483
144,Beth,Scott,Analyst,41,24766 Hidden Berry Valley,HOSKINSTON,tn,21788,431-324-9644,870-850-4669
145,John,Freeland,Dir Tech Svcs,28,1586 Emerald Prairie Villa,FENTON,co,18354,919-862-3939,941-258-3872
146,Eric,Marley,Analyst,56,16201 Amber Swan Swale,PEMBERTON,fl,08502,382-582-7014,656-176-8468
147,Dennis,Fox,Analyst,74,15349 Pied Turtle Bayou,LEXINGTON,wa,46277,781-259-7825,796-787-8266
148,Loyce,Trombetta,Analyst,49,42536 Orange Lake Summit,PIEDMONT,oh,54745,498-622-9189,138-774-2273
149,William,Hall,Dir Tech Svcs,64,3404 Colonial Anchor Avenue,SAN SABA,fl,47522,546-662-9530,868-357-7677
150,David,Mintz,Dir Tech Svcs,40,80023 Lazy Nest Circle,MISSION,ga,52047,334-962-3412,204-421-4773
151,Ashley,Fisher,Analyst,67,2999 Hidden Hickory Race,SECAUCUS,mi,53959,679-828-9380,693-998-7764
152,Elizabeth,Harrison,SVP,23,75037 Heather Anchor Canyon,LAS VEGAS,co,17829,556-137-5394,890-448-3204
153,Ethel,Smith,Analyst,23,8055 Rocky Treasure Hollow,NEHALEM,ga,75926,789-704-1543,269-730-9177
154,Debra,Miller,Analyst,78,10160 Little Acorn Arbor,HAMSHIRE,mn,36125,757-755-2301,995-295-8794
155,Jodi,Stone,Dir Tech Svcs,82,1281 Colonial Quail Chase,SOUTH HADLEY,fl,40109,610-878-3609,706-580-2037
156,Heather,Coleman,Sr. Business Dr,96,352 Rose Holly Knoll,EL CAJON,fl,95490,946-281-6320,406-205-7875
157,Velma,Koller,Analyst,75,84505 Hidden Mountain Pace,TERRE HAUTE,oh,78703,302-395-5333,291-584-5777
158,Thomas,Swain,CDO,8,7223 Lazy Fawn Alcove,WAUKAU,il,94061,691-724-6595,713-623-5413
159,Andrew,Jones,SVP,81,8710 Silent Pebble Stead,AMARILLO,ca,53130,526-658-9247,621-409-7472
160,Michelle,Lewis,CDO,95,2361 Burning Robin Knoll,ANKENY,ar,47984,476-347-6310,929-511-8912
161,Nicholas,Ouellette,Analyst,55,86901 Shady Nut Gate,CHILDWOLD,il,47135,476-668-7294,102-227-9707
162,Kimberly,Little,CDO,72,781 Foggy Axe Glade,JENNINGS,ca,61638,163-772-6925,628-523-8924
163,Ethel,Cuthbertson,Dir Tech Svcs,10,12428 Lost Flower Estates,SAN BERNARDINO,tx,82083,625-254-2519,797-823-2800
164,Raul,Stephens,Analyst,10,4824 Lazy Beaver Trail,KAUKAUNA,mo,98532,888-282-2751,793-911-2939
165,Jean,Lovato,CDO,32,258 Iron Holly Crest,NICHOLS,ok,07722,205-119-8424,105-512-4843
166,Courtney,Miller,Dir Tech Svcs,63,45489 Honey Squirrel Grove,ALBANY,ms,78540,764-499-4008,336-267-5638
167,Linda,Arnold,SVP,52,67944 Lonely Shadow Farms,MYRTLE BEACH,sc,49098,773-850-2742,614-324-8601
168,Tiffany,Barber,SVP,80,219 Pied Spring Dale,HURON,oh,75396,497-523-6034,900-107-9157
169,Dorothy,Delarosa,CDO,71,86948 Cotton Shadow Drive,WOODVILLE,ar,21917,466-868-1250,900-267-7246
170,Gary,Rash,Dir Tech Svcs,44,74965 Ivory Timber Manor,CINCINNATI,ky,93646,651-147-9793,633-998-4105
171,Robert,White,CDO,79,42048 Round Hickory Promenade,MINNEAPOLIS,nc,75973,952-729-5665,986-857-9486
172,Florine,Jones,Analyst,89,70081 Colonial Acorn Nook,LEONARD,fl,55079,792-656-5082,935-212-6230
173,Alma,Lopez,SVP,18,96701 Colonial River Ridge,FAYVILLE,sc,04937,971-809-1675,489-296-2311
174,Ronald,Price,CDO,72,70 Cinder Holly Turn,CONGRESS,ca,45699,766-276-8741,592-386-1358
175,Cheryl,Gifford,SVP,17,47919 Cool Spring Chase,EDCOUCH,mn,98146,167-787-9320,746-249-9681
176,Tony,Martin,SVP,2,16787 Pied Cottage Summit,ALBANY,az,07538,741-939-1640,302-472-6072
177,Charles,Sparks,Dir Tech Svcs,32,18765 High Leaf Circle,GROVELAND,ca,67455,116-459-4883,946-135-1128
178,Willie,Kelly,Sr. Business Dr,96,13772 Cozy Goose Woods,ACME,ca,55082,465-428-7055,968-636-3362
179,William,Mccall,SVP,48,54657 Windy Butterfly Nook,RALEIGH,mi,35576,337-219-5517,832-568-8876
180,Joann,Byrd,Analyst,88,39844 Burning Rock Flats,SPANISH FORT,az,29620,210-818-8622,980-145-6447
181,Gregory,Buttler,SVP,86,92396 Honey Pony Knoll,NEW HAVEN,il,49068,389-364-6514,838-833-4151
182,Ricky,Mazzone,CDO,35,90987 Middle Elm Bank,ELIDA,nv,73639,371-594-9650,444-290-4421
183,Ann,Book,CDO,94,0 Rustic Crow View,PLATO,tx,46985,644-830-7101,646-774-5011
184,Michelle,Khan,Sr. Business Dr,92,6166 Still Fawn Run,TATAMY,az,58064,845-847-2560,333-987-3130
185,Mary,Strong,Analyst,57,161 Middle Sky Estates,DIXIE,oh,04675,920-760-3324,684-300-1092
186,Warren,Stevens,SVP,19,9848 Hush Holly Glen,SPRING VALLEY,nm,18616,279-610-8610,591-357-9896
187,Olga,Vargas,SVP,13,16120 Turning Maple Landing,PINCKARD,ky,33082,184-513-2762,361-921-1825
188,Ernesto,Perry,Sr. Business Dr,88,15938 Lone Willow Orchard,PADUCAH,mn,46530,314-380-3139,575-598-9618
189,Fred,Vance,Analyst,75,21 Amber Axe Vista,COPELAND,pa,76630,146-360-4027,400-765-6247
190,Carol,Borquez,Analyst,87,5766 Noble Elk Knoll,HANCOCK,al,93633,287-441-5314,741-685-7828
191,Gwen,Hatcher,Analyst,97,51902 Middle Chestnut Pace,JACKSON,ky,14864,900-811-1292,348-556-6604
192,Maria,Clark,Analyst,31,45382 Sandy Treasure Estates,EDINBURG,ca,78580,263-398-2670,390-742-5984
193,George,Wheaton,Dir Tech Svcs,28,1068 Gentle Timber Trek,YORKTOWN HEIGHTS,tx,90063,729-350-2920,567-137-3380
194,Lori,Stark,CDO,57,17068 Rose Flower Street,GILBERT,ar,30119,699-807-9158,935-835-9729
195,Viola,Torres,Dir Tech Svcs,76,4679 Lazy Beacon Swale,SPURGER,ky,94559,524-330-9431,629-341-4813
196,Barbara,Twombly,Dir Tech Svcs,27,62130 Jagged River Lagoon,HERNDON,ar,97437,488-939-7818,892-418-4563
197,Rudy,Richardson,Analyst,31,18212 Fallen Oak Arbor,TWAIN HARTE,il,70647,225-765-8161,451-847-5952
198,Paul,Norris,CDO,87,2914 Amber Rise Knoll,DPO,tn,31039,688-486-2440,955-853-1255
199,Chester,Johnson,CDO,41,17494 Auburn Pebble Trail,HELENA,ca,55795,388-191-5659,296-585-1795
200,Kenny,Ramirez,Dir Tech Svcs,90,97833 Auburn Log Point,IRON GATE,ky,97813,763-770-3104,829-904-5179
201,Brian,Schultz,Dir Tech Svcs,46,22 Auburn Apple Shoal,TRINITY,oh,04084,943-574-7898,143-389-7033
202,Allison,Sosa,Analyst,18,31863 Tender Beacon Farms,OCALA,ca,43748,640-699-9518,781-328-4143
203,Mollie,Durazo,Analyst,51,11501 Lazy Barn Chase,NORTH MIAMI,mo,08514,164-329-5660,966-548-3963
204,Laura,Poole,Analyst,87,49117 Indian Rabbit Stroll,BARBOURVILLE,tx,11720,688-615-7985,907-843-6631
205,Wesley,Young,CDO,93,3229 Heather Anchor Stroll,BOZEMAN,ga,27016,473-395-4890,822-821-4764
206,Sam,White,CDO,71,2385 Bright Mill Manor,BUMPUS MILLS,ga,23694,848-990-1704,428-276-7283
207,Joseph,Pressnell,CDO,98,67253 Turning Castle Jetty,CANTON,ct,03907,548-993-9874,913-964-1340
208,Sol,Smith,SVP,17,63723 Cozy Cloud Bayou,MEDINA,ga,31320,809-898-7355,836-275-1797
209,James,Welk,CDO,66,1211 Tawny Diamond Lagoon,LANSING,wa,95462,156-589-6262,165-461-8962
210,Leah,Thornton,CDO,29,5008 Hush Flower Run,ONTARIO,tn,43356,386-132-8741,276-628-7205
211,Nancy,Wilcoxon,CDO,53,5161 Birch Panda Journey,WASHINGTON,mo,52540,588-793-9264,660-407-3132
212,Leonard,Delph,SVP,56,53193 Small Gate Nook,DES MOINES,ca,23066,654-261-4229,954-798-4590
213,Bradley,Phillips,CDO,1,25397 High Pebble Pace,TORONTO,ca,55109,180-611-1185,905-300-5563
214,John,Williamson,SVP,65,26490 Jagged Elm Stead,COLFAX,ut,48062,213-162-2165,495-637-1129
215,Barbara,Jimenez,Analyst,72,50029 Rough Bear Summit,CORPUS CHRISTI,ny,75706,558-665-5519,651-293-1668
216,Elmer,Mullins,Analyst,99,87904 Tender Axe Street,CHICAGO,il,15037,697-507-8875,272-823-4447
217,Charles,Olson,SVP,18,12046 Colonial Barn Bank,PRUDENVILLE,ct,48027,672-697-7637,638-769-1751
218,John,Galloway,SVP,22,77542 Rustic Zephyr Haven,WISDOM,ca,72149,352-313-8037,938-345-2058
219,Joseph,Layman,SVP,63,73969 Quaint Forest Ridge,HUNTINGTON,ny,89105,925-637-9399,372-174-7879
220,Terry,Hiltner,CDO,13,11704 Silver Bird Crest,MADISON,ny,57233,103-378-9294,479-729-4321
221,Dustin,Erwin,Analyst,31,87718 Sleepy Lake Park,INVERNESS,ca,86405,184-963-3159,666-416-6314
222,Joyce,Devore,CDO,17,53331 Quaint Forest Acres,FULTONHAM,ca,12207,795-823-2224,963-181-9228
223,Sarah,Ewart,SVP,18,53071 Golden Creek Road,CANTON,ny,14480,644-913-7887,632-927-4586
224,Phillip,Banks,Analyst,48,53113 Thunder Axe Acres,ASHLEY,ny,20306,669-458-9426,362-495-3482
225,Vesta,Sawyer,Dir Tech Svcs,27,60887 Dusty Spring Hollow,MEMPHIS,tx,02767,977-396-1818,311-216-2958
226,Shantel,Howard,Dir Tech Svcs,39,80001 Calm Hickory Chase,PORT GAMBLE,mi,46290,727-732-3009,167-472-7003
227,Michael,Parker,Analyst,31,8805 Cool Timber Journey,CLIFTON,nj,36331,696-810-9825,998-575-9713
228,Micah,Mckee,Dir Tech Svcs,60,382 Windy Treasure Bluff,CHARLOTTE,ca,61261,264-347-8821,869-831-2744
229,Clint,Johnson,CDO,4,10772 Lone Swan Stroll,CLIFTON,sc,46011,931-875-4855,360-634-7310
230,Sharon,Cureton,CDO,16,83509 Golden Blossom Pass,LEADVILLE,il,52242,352-537-1328,957-609-7324
231,Willie,Williams,SVP,74,17622 Fallen Holly Promenade,MARSHVILLE,ca,62079,893-389-9965,177-122-3585
232,Rena,Mathis,CDO,88,2703 Bent Stone Run,STRATFORD,oh,43928,301-116-6035,165-210-8826
233,Dustin,Horn,Analyst,21,95721 Grand Snake Woods,ODESSA,va,30063,646-936-7055,496-150-9383
234,Dennis,Ochoa,Analyst,98,53329 Broad Axe Path,CALABASAS,tx,56274,768-970-4081,443-680-4092
235,Brenda,Kelly,SVP,2,24323 Silent Hills Bank,BALLICO,or,31764,110-889-1861,250-553-1320
236,Thomas,Castillo,Dir Tech Svcs,28,72236 Sweet Pumpkin Path,BRECKENRIDGE,in,30287,220-780-2768,903-603-3795
237,Emma,Manriquez,Analyst,11,11573 Small Rabbit Trail,RUSSELLVILLE,ar,30567,718-362-4191,376-974-2782
238,Judy,Newton,CDO,74,97030 Golden Forest Trail,ATKINS,fl,49667,653-894-1296,204-108-5835
239,Jon,Merlo,Dir Tech Svcs,31,76332 Windy Hills Byway,FRANKFORT,il,07405,109-956-1224,224-229-6465
240,Dewey,Ferranti,Sr. Business Dr,70,18704 Easy Mill Bend,GLENNVILLE,sc,45879,835-530-5110,706-616-1601
241,Stanley,Perry,SVP,60,26482 Quaint Fawn Lane,MANCHESTER,ky,63430,134-589-1671,145-758-5849
242,Michael,Sale,CDO,94,293 Shady Holly Shoal,WORCESTER,ca,52755,520-232-7826,745-841-7314
243,Robert,Taylor,SVP,7,5973 Tawny Fawn Shoal,HILO,ga,01001,747-141-8466,136-138-1285
244,Harry,Woodcock,CDO,54,59 Red Forest Stroll,WORTHINGTON,ma,41413,735-588-6314,520-168-3174
245,Jordan,Park,Analyst,24,41752 Calm Willow Gardens,TRINIDAD,al,62435,451-415-9613,267-897-3770
246,Clotilde,Wylie,Analyst,54,74213 Tawny Lake Road,NEWARK,ny,50161,503-761-9133,143-452-1969
247,Doris,Richardson,Analyst,7,46790 Pleasant Leaf Shoal,NEBRASKA CITY,tx,84130,315-151-9675,703-144-7128
248,Wiley,Hart,Dir Tech Svcs,96,64303 Pretty Bird Avenue,NEWBURG,ok,28666,632-112-9592,816-647-2796
249,Carlene,Fisher,SVP,36,79068 Pleasant Stone Cove,MARIETTA,ny,10002,440-295-4686,859-795-7929
250,Thomas,Bates,SVP,36,72431 Crystal Chestnut Pace,BRIGGSDALE,mo,91756,702-149-9011,529-818-7703
251,Wayne,Moore,Analyst,46,24572 Pleasant Willow Ramble,VACAVILLE,ca,28111,463-970-7207,310-661-2270
252,Darcy,Easley,CDO,13,52135 Easy Treasure Pass,OREGON,ok,24176,883-600-2637,644-813-2109
253,Marc,Boyes,CDO,23,6273 Cold Berry Ridge,BARTOW,mn,79839,647-371-9257,855-589-4439
254,Mary,Clark,Analyst,6,23724 High Pebble Gardens,MONROVIA,nc,77027,867-872-5057,201-356-6824
255,Heidi,Morrison,CDO,98,4876 Rocky Hills Circle,PASADENA,ny,48857,690-187-7807,554-333-5610
256,Margaret,Callahan,Dir Tech Svcs,54,6160 Strong Lake Vista,SNOWMASS VILLAGE,ia,50127,413-244-3915,449-224-3657
257,Mandy,Torres,Dir Tech Svcs,2,83 Windy Brook Way,ST THOMAS,nj,97443,356-851-7391,556-929-7226
258,William,Morton,CDO,67,6 Windy Sky Acres,SANTIAGO,ny,55949,517-423-6405,397-269-9413
259,Danny,Collins,Dir Tech Svcs,21,95390 Foggy Nectar Landing,SHOKAN,oh,91496,364-175-5682,963-849-3512
260,Callie,Kujawski,Analyst,79,60674 Umber Cider Field,JAYTON,nd,06791,708-321-9057,272-374-8499
261,Garrett,Middlebrooks,SVP,23,4935 White Holly Terrace,LIBERTY,pa,93888,835-442-8235,162-666-8149
262,Janice,Wright,CDO,19,43671 Velvet Axe Lace,WHITMAN,ca,43789,407-800-3560,103-587-7513
263,William,Archer,Dir Tech Svcs,13,46525 White Fawn Flats,COLUMBIA,mn,03810,256-375-4108,513-825-7425
264,Tyrone,Baldwin,CDO,4,50518 Shady Bear Bayou,WYANDOTTE,ks,84655,695-422-9357,314-280-8877
265,Benito,Broussard,CDO,12,19300 Auburn Barn Valley,SPRING VALLEY,il,64426,800-856-7846,485-321-3390
266,Marisol,Speck,CDO,85,35509 Fallen Nut Twist,CENTRAL CITY,pa,74557,994-646-8609,729-658-7226
267,James,Cardenas,Analyst,13,49024 Cinder Hills Bank,COLQUITT,nv,97290,367-274-1118,882-762-9125
268,Alfonso,Wilmoth,CDO,97,5404 Merry Squirrel Flats,CROWN POINT,sc,57350,564-792-2031,376-825-1060
269,Daniel,Mccollum,SVP,96,3332 Velvet Diamond Trace,CATLETTSBURG,fl,77616,782-704-8199,892-184-1191
270,Anne,Mick,Dir Tech Svcs,94,89826 Lost Flower Trace,RUSSELL,nc,46989,821-412-5328,237-550-2046
271,Paul,Martinson,Analyst,96,66625 Cinder Forest Bayou,FREEDOM,nj,39323,297-348-6270,488-940-5674
272,Timothy,Burns,Analyst,34,19718 Cool Willow Estates,APO,sc,11373,567-154-8425,126-346-7357
273,Jean,Shaffer,CDO,82,94016 Stony Anchor Street,ALEDO,ca,44718,450-814-5671,421-201-5226
274,Joan,Brown,Dir Tech Svcs,32,3459 Blue Axe Park,CLINTON,ca,94085,169-834-6332,563-197-4918
275,Taryn,Wagner,Analyst,94,4008 Heather Robin Ridge,MILLS,ky,55965,907-839-5864,216-678-1741
276,Vanessa,Evans,Dir Tech Svcs,48,315 Windy Branch Journey,PARLIER,ny,48043,544-656-4504,918-434-6011
277,Henry,Tiano,SVP,23,36416 Silver Cottage Villa,INGLEWOOD,ne,36053,598-823-1545,577-966-2781
278,Merle,Sawyer,CDO,33,2459 Turning Nut Shoal,WINSTED,mo,94252,868-425-7161,733-524-4334
279,Berta,Burgess,Dir Tech Svcs,98,63845 Iron Autumn Dale,WITHAMS,wi,46295,505-866-1119,499-419-1346
280,Drew,Conner,Analyst,94,82564 Silver Prairie Quay,FOOSLAND,ca,04271,772-777-7229,620-488-2052
281,Dawn,Johnson,Sr. Business Dr,5,24256 Rocky Elm Rove,TAYLORS,az,95709,194-401-7214,910-501-9744
282,Mark,Jimenez,CDO,1,18511 Silver Fawn Isle,SAN ANTONIO,ar,14740,651-186-1237,972-607-5101
283,Kenneth,Sass,SVP,19,70382 Hidden Cider Lane,MOUND CITY,wv,23512,386-257-6430,875-479-1195
284,Gary,Barragan,Analyst,59,50149 Small Pine Promenade,HOLDEN,tx,53927,953-408-8639,963-549-8414
285,Theodore,Quam,Dir Tech Svcs,1,1257 Easy Gate Swale,JANESVILLE,fl,56376,826-440-1614,305-188-6148
286,Harold,Henderson,Dir Tech Svcs,48,61774 Crimson Chestnut Race,GORHAM,ca,39648,116-510-1870,132-221-2667
287,Tonya,Mitchell,SVP,33,71461 Red Nectar Gardens,MONETT,co,22846,456-339-3465,499-978-6532
288,Stanley,Guidry,SVP,18,56256 Lazy Embers Jetty,HELENA,ca,71826,503-318-4954,940-399-8843
289,Ricky,Wheeler,Dir Tech Svcs,64,90042 Stony Beacon Niche,SILVER CITY,ct,37857,744-414-6553,319-687-2659
290,Tracy,Grimes,Analyst,41,13596 Pleasant Elk Byway,PUNTA SANTIAGO,ms,76623,216-145-8999,198-724-9655
291,Roberto,Morgan,Analyst,9,53607 Calm Hills Alcove,ZEELAND,az,40282,570-547-5858,748-963-3176
292,Angela,Ward,Analyst,56,37752 Rocky Nut Niche,SPRINGBROOK,fl,92354,261-159-2738,609-266-1642
293,Diana,Hardin,Analyst,21,95019 Indian Cider Ridge,LAWRENCE,pa,42544,548-126-8401,628-144-5065
294,Aileen,Taylor,SVP,9,29245 Easy Acorn Summit,KNOXVILLE,il,14860,729-799-6919,760-518-3949
295,Lisa,Good,Analyst,3,90712 Rough Elk Terrace,BLAND,nc,64137,329-322-7357,746-961-4679
296,Omar,Bandy,CDO,62,99787 Big Fox Stroll,ROOTSTOWN,ny,02269,449-566-7720,158-374-8281
297,Thomas,Claflin,CDO,74,30709 Windy Stone Glade,BIRMINGHAM,ga,70142,561-267-4928,357-365-3652
298,Gene,Hilario,CDO,29,18675 Cold Apple Jetty,SPRINGFIELD,fl,18854,282-316-3231,514-738-3802
299,Lorriane,Sato,Dir Tech Svcs,57,269 Little Beaver Wander,LIVINGSTON,wi,44054,343-409-1886,136-754-4130
300,Anita,Gearhart,SVP,43,21067 Pleasant Peach Orchard,BIRMINGHAM,mn,13486,413-869-8872,676-723-7076
301,James,Voigt,Analyst,53,1105 Round Pond Road,SAINT ANN,de,22333,461-758-7315,318-101-9762
302,Jamie,Bennett,CDO,68,66905 Cotton Beacon Manor,MORGAN,la,77588,711-822-6866,718-348-7302
303,Adriana,Lipinski,Dir Tech Svcs,20,7922 Sweet View Glade,SWIFTOWN,pa,49808,921-103-3268,994-990-2862
304,Scott,Watts,Dir Tech Svcs,23,81997 Sandy Wagon Pace,ARLINGTON,wi,29684,984-222-6863,103-929-1260
305,Nancy,Perry,Dir Tech Svcs,88,2533 Hazy Hills Estates,MERIDEN,mn,14522,822-778-4773,296-990-1882
306,Roy,Lowe,SVP,22,25027 Stony Nest Jetty,LISBON,tx,16124,145-660-1039,469-541-8950
307,Jackie,Allen,Dir Tech Svcs,43,1444 Auburn Fawn Corner,TATUM,ny,85738,444-950-1809,397-292-8249
308,Mary,Gillenwater,Analyst,14,57426 Lazy Gate Arbor,MILNESVILLE,mi,26162,814-144-1874,947-589-9991
309,Zoe,Bolton,Dir Tech Svcs,87,25408 Silver Beaver Shoal,COLORADO CITY,ca,65801,160-227-3805,888-958-6721
310,Rochelle,Jones,Analyst,8,25635 Bright Rise View,BRYANT,in,78466,811-486-2869,813-466-9085
311,Bradley,Robinson,CDO,65,60726 Bent Autumn Edge,GREELEYVILLE,wa,47337,990-336-4004,340-500-3502
312,Michael,Herrera,Dir Tech Svcs,13,14260 Dusty Branch Round,SAINT CLOUD,ca,33436,503-520-7093,421-159-6266
313,Judith,Phillips,Analyst,82,18160 Lazy Blossom Isle,ROCKFORD,la,65765,985-652-8702,886-613-9047
314,Elizabeth,Warren,Dir Tech Svcs,32,1429 Big Shadow Cut,SCOTCH PLAINS,ny,43272,446-212-5592,483-205-8562
315,Joseph,Johnson,Analyst,71,81224 Easy Feather Bend,TOWNSEND,il,04434,203-464-1088,170-860-4697
316,Bette,Dallas,CDO,84,7048 Shady Squirrel Landing,HIGH ROLLS MOUNTAIN PARK,pa,65486,964-856-8647,638-456-8905
317,Elsie,Hughes,Analyst,61,28430 Honey Gate Manor,MARCELLUS,md,35266,957-402-4349,945-589-8362
318,Elvira,Cummings,Analyst,23,3209 Sleepy Pony Ridge,APO,ky,48183,219-705-9308,558-699-2522
319,Craig,Cruz,CDO,35,54957 Middle Embers Trek,MILAN,fl,85344,139-719-9031,645-581-3443
320,Adam,Malik,Analyst,28,293 Red Crow Drive,TAUNTON,ga,99031,660-361-9137,615-357-8491
321,Barbara,Carter,SVP,32,33283 Still Embers Race,SPRAGUE RIVER,ny,68660,650-858-3792,684-414-6408
322,John,Nichols,CDO,88,42907 Broad Treasure Run,KARNACK,ny,81151,845-796-6788,141-633-2592
323,Jesse,Cumming,SVP,98,7460 Gentle Spring Nook,VIBURNUM,tx,18086,604-902-5485,874-151-2565
324,Julia,Webster,Dir Tech Svcs,32,99377 Crystal Spring Race,POMONA,ar,03837,390-497-7378,565-988-9478
325,Larry,Kurtz,Analyst,19,2228 Cold Spring Woods,PARKTON,wv,75355,914-374-2461,538-906-2188
326,Kathy,Young,Dir Tech Svcs,51,50617 Long Feather Path,LICKINGVILLE,fl,43697,407-555-4493,267-404-1235
327,Marie,Sears,CDO,37,72407 Indian Goose Woods,TALLAHASSEE,ia,15266,678-969-6480,573-506-5502
328,Lori,Evans,Dir Tech Svcs,97,18350 Hush Brook Cove,MINEOLA,oh,95736,925-739-8748,634-379-9870
329,James,Harwood,CDO,69,77548 Calm Flower Lagoon,FORBES ROAD,oh,61562,731-232-8083,655-237-9046
330,Rosa,Spinks,Dir Tech Svcs,93,668 Grand Goat Bluff,MILTON,il,81144,669-881-4937,486-738-1381
331,Charles,Dunbar,Dir Tech Svcs,9,886 Red Spring Pass,CLAY CITY,ca,94247,724-543-7468,906-754-9049
332,Michael,Blakely,Dir Tech Svcs,40,16 Old Bear Saunter,NEWTON,pa,36078,807-679-6683,550-958-5201
333,Tim,Andre,SVP,56,46044 Jagged Robin Ramble,PINOLE,oh,56644,474-422-7556,895-119-1859
334,Tony,Hutton,Analyst,50,86553 Lonely Butternut Isle,VIRGINIA,mi,63132,147-129-1893,981-382-2101
335,Maudie,Palmer,CDO,43,5793 Cool Crow Haven,BARTLESVILLE,or,32804,686-419-7608,744-975-5394
336,Randy,Bell,CDO,77,5112 Blue Stone Landing,PORTLAND,nd,50660,877-965-4487,872-918-7800
337,Gary,Hazel,Dir Tech Svcs,5,4967 Quaint Elk Quay,GENTRY,ut,75682,217-622-7932,829-468-5485
338,Dorothy,Kiss,Analyst,24,83746 Little Rock Valley,ENDERLIN,mi,85645,770-732-9549,423-142-3064
339,Felicia,Lyall,Dir Tech Svcs,95,93124 Burning Timber Niche,WALNUT,nc,15139,775-460-2277,891-589-7975
340,Pamela,Forman,Analyst,49,1507 Honey Peach Trace,ANNABELLA,ny,70778,880-624-5685,127-749-8792
341,Richard,Vasquez,Dir Tech Svcs,87,96464 Misty View Race,FOX VALLEY,tn,75693,689-552-1421,814-847-6603
342,Bonnie,Padilla,Analyst,22,482 Lone Goat Way,INVERNESS,ca,45226,938-805-1683,804-578-9195
343,Louis,Barnes,SVP,39,11200 Birch Anchor Estates,OLIVEBURG,mi,70763,585-731-9415,282-547-1400
344,Michael,Griffin,Dir Tech Svcs,6,1029 Crimson Snake Ramble,SARGENT,ca,29846,712-114-1749,501-544-5795
345,Amanda,Wheeler,Analyst,88,42230 Still Pond Flats,WASHINGTON,tx,12883,157-340-2162,772-641-9279
346,Carla,Douse,CDO,28,7363 Grand Cloud Turn,NORFOLK,ky,29145,578-867-3062,666-888-8235
347,Christopher,Boyer,CDO,82,5210 Amber View Race,OGDENSBURG,ar,78621,773-112-6261,278-903-6346
348,Frank,Aron,Dir Tech Svcs,31,32676 Harvest Gate Twist,SPARTANBURG,ga,38108,869-348-1343,392-200-6894
349,Charles,Call,CDO,10,20 Misty Axe Gate,NORTH BRANCH,fl,69169,684-295-7597,958-983-6945
350,Estella,Smith,Analyst,21,40872 Calm Shadow Farms,ELBA,ga,72716,727-200-8485,784-658-7924
351,Billie,Vaughn,CDO,29,40645 Misty Cottage Pace,COLORADO SPRINGS,fl,65710,586-298-3353,568-853-9613
352,Steven,Ortiz,Analyst,76,4306 High Bluff Journey,BOONE GROVE,ca,73666,765-631-4724,294-489-7614
353,Kay,Patterson,SVP,23,13050 Crimson Zephyr Swale,CENTERTON,fl,85006,458-615-2096,229-278-1885
354,Rodney,Nuckols,Dir Tech Svcs,39,5565 Emerald Crow Villa,PHOENIX,wi,70151,344-160-3465,724-590-9058
355,Jeff,Lara,Analyst,91,87878 Heather Pine Flats,TOBIAS,ca,04611,469-642-5792,339-792-9457
356,Harold,Gerardi,CDO,57,7841 Long Robin Saunter,AMELIA,va,23427,672-607-9103,830-582-8770
357,Bill,Obrien,Analyst,37,15921 Strong Anchor Path,DURANGO,oh,41555,192-844-9888,488-617-4758
358,Louise,Bryant,Dir Tech Svcs,23,16202 Green Nut Orchard,FLINT,ny,24512,914-925-9061,736-715-4547
359,Drew,Wing,CDO,80,32242 Sweet Crow Journey,GALESBURG,nc,06520,390-703-5755,506-449-5201
360,Gladys,Torres,Dir Tech Svcs,15,1616 Grand Pumpkin Chase,CARSONVILLE,va,71446,962-726-3170,380-624-6710
361,Jean,Duke,Analyst,83,60727 Sleepy Castle Drive,MC DERMITT,ny,43010,650-902-3396,646-103-8880
362,Steven,Allain,Analyst,84,55236 Rustic Castle Shoal,UNION GROVE,il,55319,591-705-8009,197-703-8223
363,Richard,Epstein,Analyst,48,26257 Umber Harbor Mews,RANDALLSTOWN,ny,64461,488-602-6835,412-947-1595
364,Sondra,Isaac,SVP,86,91247 Cozy Pioneer View,PEORIA,ca,11530,435-123-1256,173-975-3349
365,Elaine,Batts,Dir Tech Svcs,20,16404 Middle Pony Way,STOCKTON,oh,32744,241-388-3656,489-660-6157
366,Terry,Yoder,SVP,78,54132 Jagged Deer Gate,KISSIMMEE,mi,30625,400-743-9158,607-646-9970
367,Elizabeth,Baker,SVP,15,5298 Strong Lamb Circle,MADISON,de,81236,784-983-1513,243-244-8940
368,Frank,Mason,SVP,9,97292 Hush Butternut Pike,TANNER,ga,38846,561-427-2671,769-188-7197
369,Jesus,Hoeppner,CDO,84,48716 Rocky Horse Pass,FPO,pa,68401,563-910-4411,623-870-2243
370,Malia,Connell,Analyst,52,83522 Dewy Apple Villa,NORTH HAVEN,fl,61422,797-586-5332,120-689-1081
371,Jonathan,Kirkland,SVP,37,28140 Big Cider Drive,BROADFORD,ga,35031,459-905-7294,711-515-9476
372,Bonita,Wirth,Analyst,48,11243 Ivory Island Promenade,FPO,ok,69029,803-123-7567,841-409-9422
373,Mindi,Willis,Analyst,68,7591 Rough Butternut Haven,BOX ELDER,al,67756,941-812-1042,203-532-5158
374,Quintin,Rogers,Dir Tech Svcs,10,16908 White Wagon Lagoon,DENVER,ca,92142,222-600-9977,152-711-1419
375,Edward,Witmer,Dir Tech Svcs,90,9617 Middle Lamb Hollow,PAULLINA,ca,95450,490-559-6514,670-599-6270
376,Brenda,Wilson,SVP,54,2775 Sleepy Feather Trek,FOREST RIVER,ga,15904,506-829-6287,348-823-8496
377,Beatrice,Newcombe,Analyst,48,92144 Lone Gate Falls,SAINT PAUL,wi,37339,487-611-5687,344-222-6256
378,Vincent,Baldwin,SVP,81,37627 Iron Castle Bank,TODDVILLE,la,83627,327-763-9741,504-980-8445
379,Stewart,Cook,SVP,98,6644 Golden Pioneer Way,WABASHA,ks,44061,191-421-1210,721-934-9401
380,Norma,Smith,Analyst,42,12633 Long Robin Lane,BELLINGHAM,az,54842,817-568-6855,532-856-4154
381,John,Roman,Analyst,44,29836 Iron Bridge Nook,DONNA,ca,24132,549-125-1664,800-936-7223
382,Michael,Carter,CDO,9,42878 Lost Mill Valley,WODEN,wa,11547,230-196-7538,917-108-1163
383,Claire,Foy,CDO,69,21082 Lonely Pebble Lace,RAMSEY,wv,30582,129-148-6049,992-227-5970
384,Clara,Thomas,Analyst,79,72222 Cold Dove Dale,JASPER,ny,73716,815-548-2996,793-502-2030
385,David,Krupp,Dir Tech Svcs,69,20173 Calm Island Lane,PORTLAND,ny,55473,737-930-9193,523-846-9684
386,Tiffany,Worley,CDO,41,28903 Little Dale Rove,IRELAND,il,98589,207-158-2585,778-589-7108
387,Danielle,Raley,Dir Tech Svcs,28,41488 Cinder Quail Quay,WOODBINE,mi,65441,127-188-1544,872-806-7534
388,Roger,Anderson,Analyst,71,21568 Misty Goose Run,PARIS,oh,90810,355-306-6723,857-448-3765
389,Michelle,Griffin,SVP,47,53218 Quaking Pebble Stroll,CHERRY VALLEY,tx,06532,941-854-4206,726-811-6099
390,Jennifer,Marshall,Analyst,54,43695 Iron Deer Niche,CENTENARY,in,65546,782-728-7667,428-408-8430
391,Tiffany,Hoerr,CDO,4,57753 Golden Dove Meadow,ANAHEIM,il,11737,745-128-7612,163-873-1082
392,Anita,Welch,CDO,61,1241 Big Shadow Flats,HARLAN,ca,52804,327-127-5229,881-712-3733
393,Walter,Vargas,Analyst,72,8120 Stony Pond Journey,MISSION,ga,53811,765-619-2194,598-660-2268
394,Marisa,Tully,SVP,75,69047 Hush Hills Rove,MERIGOLD,il,33448,465-452-5584,873-873-7296
395,Anne,Simon,SVP,93,92306 Harvest Castle Lane,SAINT JOE,la,29945,801-903-2240,832-623-7332
396,Frank,Kennedy,CDO,76,13594 Pretty Butterfly Stead,OAKLAND,pa,96151,848-406-6947,972-927-8768
397,Rosario,Neville,Sr. Business Dr,77,54439 Happy Snake Flats,UTICA,oh,68879,730-980-9327,637-397-4518
398,Eunice,Smith,Dir Tech Svcs,78,42648 Lazy Rise Vale,FALLSTON,ca,28442,487-248-6878,637-197-7988
399,Robin,Dugan,SVP,80,5676 Dewy Goose Ramble,YAKIMA,oh,86020,385-584-7636,958-994-5039
400,Jennifer,Michaud,SVP,80,16525 Iron Panda Orchard,SAINT ALBANS,ca,19930,752-180-4008,273-362-9528
401,Terry,Valenzuela,Dir Tech Svcs,62,60719 Merry Lake Nook,BALD KNOB,fl,22192,378-250-1892,269-938-9241
402,Dana,Atkinson,CDO,32,55618 Pleasant Snake Haven,COEUR D ALENE,ca,59547,454-691-6942,986-875-7306
403,Erica,Gonzales,CDO,75,11691 Rustic Harbor Journey,J B P H H,fl,30377,678-565-9382,373-311-4146
404,Michael,Wright,CDO,97,4466 Orange Quail Journey,ENID,nc,33944,863-208-7742,144-528-9780
405,Sheila,Hale,Analyst,33,9546 Dewy Barn Highlands,HUNTERTOWN,nv,49003,880-523-9488,287-212-5281
406,Mark,Orchard,Analyst,84,25234 Big Chestnut Stead,TIVOLI,ca,15042,816-361-7586,159-524-8805
407,Connie,Rodriguez,Sr. Business Dr,11,3532 Stony Zephyr Pass,HUNTINGTON,hi,75568,202-777-6417,985-553-5137
408,Bonnie,Crews,Dir Tech Svcs,82,61845 Strong Hickory Gate,OGALLALA,co,54009,889-637-4857,567-864-3811
409,Gary,Mills,Dir Tech Svcs,93,2169 Misty Hills Knoll,JAVA VILLAGE,ks,28409,483-840-6043,171-286-8816
410,Debbie,Anderson,CDO,2,38961 Pied Apple Grove,GADSDEN,nv,28117,134-170-7452,522-170-2333
411,Sheila,Marr,CDO,97,13970 Ivory Harbor Farms,SHADY VALLEY,ca,37137,450-355-7577,184-906-5212
412,Thomas,Buhr,Dir Tech Svcs,82,17450 Misty Turtle Run,DALLAS,ny,24910,181-986-6929,665-621-4789
413,Candace,Gonzales,SVP,60,97361 Umber Lake Path,BEAVER DAM,co,23891,393-184-2415,426-768-9998
414,Andrew,Fox,SVP,9,23176 Grand Diamond Quay,EBEN JUNCTION,md,54653,180-461-8592,635-628-7104
415,Barbara,Brandt,CDO,7,22808 Lonely Diamond Flats,HURDLE MILLS,il,97406,384-887-7604,670-240-8624
416,Julian,Olson,SVP,38,43928 Pearl Axe Journey,JERSEY CITY,fl,67639,116-344-4978,921-730-7095
417,Benjamin,Mitchel,Analyst,20,15524 Crimson Stone Hollow,SACRAMENTO,ca,23517,833-678-9493,493-884-5389
418,Marcus,Tanner,Analyst,75,60383 High Rabbit Manor,PINE CITY,wi,94141,340-693-7745,756-134-5626
419,Joseph,May,SVP,46,59568 Red Pine Highlands,LYNBROOK,nc,44611,343-122-9624,439-107-1101
420,Norma,Ray,Analyst,23,92271 Strong Harbor Acres,ASHLEY,az,80279,836-356-4298,626-863-6470
421,Tim,Clark,SVP,41,14344 Pleasant Leaf Haven,STREET,tx,45424,118-361-7422,728-225-8376
422,Hubert,Havens,Analyst,77,32763 Emerald Maple Run,ALBANY,il,40129,791-226-9487,912-321-9866
423,Courtney,Malone,Analyst,66,22261 Cool Hickory Villa,NORFOLK,fl,21703,529-615-1565,363-806-9472
424,Eugenio,Lewis,Dir Tech Svcs,59,7213 Misty Feather Heights,LOMA,ca,73801,887-221-7012,505-640-2595
425,Michael,Davis,Analyst,2,32812 Rose Embers Trek,LEBANON,sc,63763,411-489-6488,310-203-4089
426,Susan,Mcguire,Analyst,6,43694 Grand Holly Dell,OVID,ky,79083,859-726-5941,101-143-8170
427,Patricia,Heidenreich,CDO,41,94295 Bent Butternut Circle,JAMESTOWN,tx,87722,698-776-7304,728-913-5750
428,Brian,Gonzalez,SVP,32,849 Round Apple Glen,PEARLAND,ne,76643,528-610-3795,745-893-6883
429,Susanna,Crum,CDO,24,35484 Easy Horse Circle,WALLBURG,nh,42254,222-173-4162,561-149-2310
430,Kathy,Vang,Analyst,3,12975 Orange Cider Glen,FREDONIA,ca,11580,920-896-8229,541-715-3519
431,June,Snyder,Analyst,36,93846 Ivory Butterfly Villa,TYLER,tx,46112,250-391-8629,888-305-7886
432,Shirley,Miller,Dir Tech Svcs,61,36685 Rocky Branch Pace,LYNDON CENTER,co,74650,845-679-4495,573-152-1708
433,Alma,Johnson,CDO,14,1923 Quiet View Acres,DELANSON,nc,95410,163-636-8096,961-146-1209
434,Joseph,Abraham,Sr. Business Dr,68,37298 Little Barn Drive,CHERRYVALE,tx,57717,352-568-8609,738-622-4920
435,James,Crooker,CDO,33,15111 Crystal Squirrel Dale,PAHOA,co,79401,561-151-1075,805-124-1739
436,Thomas,Clark,CDO,39,1170 Tender Peach Trail,CHICAGO,ny,30598,536-270-3764,242-548-4837
437,Cynthia,Jackson,Analyst,96,74270 Merry Holly Gate,LOUISVILLE,tx,10037,475-135-3223,435-982-5924
438,Kimberly,Goode,Analyst,81,85085 Harvest Leaf Trail,ELMSFORD,wa,23503,780-287-1088,485-799-5119
439,James,Hansen,CDO,99,74432 Green Hills Acres,LEBANON,tx,18953,754-539-3891,606-690-6003
440,Lupe,Johnson,Sr. Business Dr,68,4532 Umber Nest Ridge,SPRAKERS,sd,94975,747-802-9798,422-552-4592
441,Amy,Bishop,SVP,18,6881 Quiet Butternut Orchard,PONTIAC,ny,06085,195-338-9971,692-605-9202
442,Richard,Coffee,Analyst,70,69895 Gentle Gate Hollow,FLUSHING,il,67572,801-988-9355,388-826-9537
443,Fernando,Freeman,Analyst,42,1709 Cinder Sky Shoal,TUXEDO PARK,pa,65282,720-687-6055,533-189-8318
444,Martha,Ross,Dir Tech Svcs,52,21208 Quaint Pony Wander,HONOLULU,ma,98353,523-117-5721,331-247-2709
445,Angie,Wood,CDO,99,20820 Noble Shadow Avenue,LOS ANGELES,oh,31905,673-101-5189,332-991-9725
446,Charles,Whitfield,Analyst,42,4472 Quaint Pebble Pass,GORDON,ga,75181,613-243-4632,196-324-1701
447,Lisa,Redmond,Analyst,72,58805 Iron Bridge Vale,PRICE,pa,07847,558-456-7317,830-554-4663
448,Rose,Brake,CDO,76,3 Bent Gate Lagoon,CONKLIN,tx,11547,450-801-5321,901-274-4611
449,Sara,Hillhouse,Analyst,52,29429 Dusty Spring Grove,PINE GROVE,tx,95694,317-682-3085,625-571-8611
450,Carol,Burch,SVP,53,64337 High Goat Lagoon,BIG CREEK,ar,27823,362-909-7377,409-256-6993
451,Willie,Burpee,CDO,82,94683 Tawny Apple Falls,BOWLEGS,co,73120,218-128-1942,604-862-4824
452,Kelley,Waugh,CDO,36,2120 White Cottage Rove,OCONTO,in,68343,402-244-5812,340-360-4941
453,Elizabeth,Dew,SVP,22,64233 High Berry Round,JOHNSON CITY,ca,72630,353-583-5914,341-715-4257
454,Guy,Duke,Analyst,24,12592 Crimson Pumpkin Isle,SHELLSBURG,tn,02636,491-481-4560,514-993-6745
455,Marianne,Jones,Analyst,56,3472 Middle Goose Estates,PIEDMONT,ms,28098,346-879-7684,851-196-9810
456,Daniel,Reynolds,Analyst,94,686 Iron Quail Knoll,TARIFFVILLE,ny,13862,317-540-3725,158-285-2665
457,Leonard,Kerlin,CDO,87,4719 Middle Bluff Park,PRESTON,sc,55580,385-900-9522,179-563-5945
458,Pamela,Beggs,SVP,52,13670 Stony Elk Flats,BALLY,fl,95005,971-570-4466,751-474-9232
459,John,Reese,Analyst,84,26734 Golden Island Circle,COCOA,tx,47866,231-723-5895,850-209-7647
460,Vivian,Kern,CDO,20,24373 Quaking Beaver Bank,APO,il,07522,668-254-9395,378-120-9328
461,Christy,Mcdonald,Dir Tech Svcs,89,84523 Hush Sky Hollow,AUSTIN,az,73521,641-473-8759,691-841-1712
462,Michael,Bard,SVP,12,39779 Orange Nut Highlands,DPO,pa,14653,988-418-8117,249-612-3522
463,Marilyn,Woods,Sr. Business Dr,70,1687 Orange Treasure Orchard,RECTOR,ny,78949,969-127-1025,383-810-5635
464,Robert,Jones,Analyst,30,43114 Sunny Holly Run,STANLEY,ms,75047,946-502-3873,959-249-4468
465,Kelly,Trout,Sr. Business Dr,48,15927 Quiet Pine Woods,GRAY COURT,oh,10282,695-304-3337,841-405-2310
466,Teresa,Broussard,CDO,75,26755 Tawny Pony Place,EVANSVILLE,il,34222,923-104-5496,818-276-4651
467,Catherine,Osbourn,Dir Tech Svcs,81,1150 High Butterfly Manor,NEW MILFORD,ca,38254,325-647-5983,382-372-1730
468,Otto,Lopp,Analyst,95,52422 Amber River Heights,BAKERSVILLE,ct,85309,712-113-5856,314-104-4552
469,Wayne,Montgomery,Analyst,25,11564 Gentle Anchor Falls,OTTER LAKE,mo,83717,959-705-4536,331-266-4490
470,Douglas,Harris,Analyst,96,76156 Sleepy Pony Journey,BOZMAN,nj,32686,286-121-6599,165-573-6265
471,Ruth,Gimenez,Analyst,67,5728 Pretty Grove Nook,WINCHESTER CENTER,fl,24892,400-891-8907,199-228-5062
472,Erik,Decker,Analyst,18,5423 Square Anchor Byway,FERNDALE,ma,33607,260-275-5956,986-631-7222
473,Thomas,King,CDO,9,18621 High Turtle Canyon,TUSCARORA,tx,74367,578-659-8655,620-286-7704
474,Candy,Pyburn,Analyst,63,72635 Gentle Harbor Quay,FALLENTIMBER,sc,37774,115-959-5289,483-320-2077
475,Amanda,Malone,SVP,77,7971 Red Harbor Pass,MIAMI,tn,29934,493-100-1339,640-865-9727
476,Laura,Moreno,CDO,22,38531 Crystal Holly Trail,ADDIS,ny,01922,769-101-9769,726-323-1216
477,Sarah,Durgan,SVP,39,29558 Merry Beacon Pike,WEST SWANZEY,mo,32330,781-799-8842,832-307-1981
478,Manuel,Gray,Dir Tech Svcs,94,3812 Tawny Butterfly Promenade,VISALIA,mi,10572,658-130-9889,178-506-3963
479,Kristin,Parker,CDO,36,67477 Calm Sky Pike,NEW ORLEANS,oh,48327,900-353-3093,613-552-4729
480,Margaret,Smith,Analyst,12,10964 Middle Mill Trail,JACKSON,ny,23888,827-604-3422,723-845-5601
481,Robert,Sherman,CDO,90,73614 Colonial Robin Dell,SEAFORD,mt,56676,855-247-8849,479-520-3746
482,Marlene,Freese,SVP,62,20 Tawny Holly Street,DELANO,al,23397,862-775-3673,333-783-6692
483,Gary,Stapp,CDO,58,18473 Middle Fawn Valley,HIBBING,tx,23022,102-898-9367,980-674-2600
484,Lisa,Calhoun,Analyst,69,28891 Hidden Rabbit Summit,LOS ANGELES,tx,20601,318-938-3331,534-808-8183
485,Mary,South,SVP,91,8783 Honey Bear Turn,NASHVILLE,id,90310,640-754-5974,731-508-5301
486,Kristina,Leblanc,Analyst,59,44498 Noble Prairie Stroll,LANSING,tx,14750,173-465-6916,207-996-9233
487,Reta,Blanton,Analyst,19,52 Crystal Quail Highlands,WILBURTON,tx,66849,786-413-7523,945-721-2473
488,Alyssa,Neal,Analyst,96,54758 Long Rise Isle,POMEROY,al,74872,834-238-6474,462-694-1731
489,Larry,Tsai,CDO,55,86125 Strong Axe Orchard,DAYTONA BEACH,oh,23236,961-515-5765,478-997-2183
490,Roxanne,Demartini,CDO,41,49939 Happy Blossom Lace,GAFFNEY,fl,01841,539-856-6311,156-842-6848
491,Dorothy,Dumas,SVP,5,82360 Amber Embers Villa,LISTIE,la,88516,655-144-9142,155-788-7022
492,Amy,Lindsey,Analyst,22,72413 Grand Robin Road,WEXFORD,ky,43123,887-108-8335,749-987-7743
493,Vera,Wilson,Dir Tech Svcs,2,157 Pleasant Nectar Byway,JERSEY CITY,va,65731,616-294-5057,113-579-4465
494,Beatrice,Ennis,Analyst,9,70099 Little Cider Corner,LANDO,tx,12464,116-787-5069,608-808-6132
495,James,Chapman,CDO,28,13623 Orange Dale Bluff,STERLING,nc,41828,743-859-7391,830-929-4049
496,Carson,Larry,CDO,67,27482 Hazy Dale Lace,BEAR CREEK,ny,05156,505-653-2749,998-254-9602
497,Gina,Sanchez,CDO,77,1341 Lone Horse Journey,NAZARETH,wa,80042,280-375-6732,263-429-2747
498,Dona,Kirkwood,Analyst,26,25647 Green Barn Avenue,GROVE HILL,ma,45030,639-990-9315,940-724-5774
499,Edwin,Williams,CDO,16,3661 Round Leaf Promenade,FRESNO,oh,16045,723-791-5658,760-413-5226
500,Virginia,Le,Dir Tech Svcs,54,46207 Sweet Butterfly Haven,GRANTSVILLE,nc,47830,362-561-4537,619-420-7121
501,Randy,Paul,CDO,62,12558 Middle Axe Quay,EAST PROVIDENCE,fl,56358,117-122-5005,556-742-7649
502,Fred,Hill,SVP,76,83186 Silver Lamb Edge,CEDAR RUN,pa,26711,175-853-3460,910-873-4430
503,Lisa,Payne,SVP,39,2815 Umber Robin Way,SAN ANTONIO,ar,80118,493-977-3846,849-594-1233
504,Lynn,Harris,Dir Tech Svcs,65,2303 Crystal Quail Arbor,INMAN,pa,32506,598-715-5888,845-181-2944
505,Ruby,Jessup,SVP,63,96256 Windy Sky Villa,MARION,va,06509,685-127-1830,307-560-3949
506,Patricia,Williams,CDO,60,86874 Umber Hills Corner,SEATTLE,tx,61427,590-450-4495,932-727-5482
507,Ramona,Hunter,Dir Tech Svcs,14,28560 Foggy Goat Vale,MOUNT SHERMAN,fl,82324,690-518-1671,762-747-2027
508,Mary,Benavidez,CDO,41,7347 Ivory Rock Saunter,STEPHENSON,ca,20894,457-984-2555,586-134-4438
509,Amy,Williams,Analyst,10,58459 Pretty Maple Villa,CULLMAN,id,78480,764-359-6760,173-938-7795
510,Debora,Franklin,Dir Tech Svcs,57,5466 Rustic Goose Flats,BALDWINSVILLE,nv,61032,748-515-6146,692-392-6249
511,Thomas,Bustos,Analyst,89,40614 Gentle River Acres,JACKSONVILLE,il,48849,765-233-9509,197-123-8515
512,Kayla,Lund,Dir Tech Svcs,33,39081 Tawny Barn Dale,DENVER,pa,75459,873-874-3538,688-563-5322
513,Kara,Garcia,Analyst,22,74970 Windy Wagon Swale,FLIPPIN,pa,41114,500-920-3051,399-340-2486
514,Evan,Charles,Analyst,66,86465 Middle Harbor Glade,SATSOP,nc,95316,637-722-2255,151-849-6904
515,Penny,Neuman,Analyst,5,88034 Silent Robin Gardens,KINGSLAND,il,01088,638-617-9579,478-645-5137
516,Walter,Simas,Analyst,83,565 Cool Rise Grove,MYRTLEWOOD,nj,14006,331-846-1829,345-598-1590
517,Trent,Farris,Dir Tech Svcs,93,31615 White Pioneer Knoll,CLIFFORD,md,33016,795-851-9071,293-222-6235
518,Stephanie,Workman,CDO,85,2738 Crystal Branch Heights,WHITESIDE,ca,46524,788-888-4675,757-416-6375
519,Benjamin,Jordan,Dir Tech Svcs,26,515 Sandy Wagon Heights,BIG SPRINGS,ny,77383,353-548-4388,638-609-8097
520,Nancy,Sauter,Analyst,14,56266 Little Nest Twist,FORT WORTH,ct,20401,812-540-8700,111-977-2384
521,David,Anderson,Analyst,93,2874 Cool Bluff Stead,HEREFORD,ca,16108,494-539-9678,202-444-6375
522,Joshua,Jones,Sr. Business Dr,4,8287 Sunny Crow Lace,KALAMAZOO,al,72729,951-991-4556,677-314-2758
523,Christopher,Torres,Dir Tech Svcs,80,3281 Rocky Wagon Park,SAN DIEGO,ia,56181,708-625-1741,169-266-4376
524,Patricia,Borel,SVP,6,5825 Silent Deer Circle,OKEANA,wa,28801,522-693-1414,905-741-5658
525,Daniel,Fuller,CDO,40,9819 White Cottage Turn,LA MIRADA,oh,24860,612-747-7505,140-231-1033
526,Richard,Martin,SVP,66,80449 Pied Turtle Flats,NASHVILLE,pa,24866,840-215-6804,806-875-6594
527,Wesley,Finley,Analyst,38,902 Hush Oak Villa,HUDSON,al,49735,908-341-8123,724-195-1814
528,Christopher,Dewald,CDO,43,39649 Lonely Nectar Orchard,SAINT PAUL,ut,34202,355-952-3793,368-373-3542
529,Paul,Burgos,Dir Tech Svcs,80,43727 Honey Horse Drive,ATLANTIC,md,80436,460-912-8551,251-186-3368
530,Jacquetta,Woodruff,SVP,88,122 Rough Quail Bayou,ALBERT CITY,oh,83844,227-897-9302,692-984-8609
531,Jay,Hayes,Analyst,28,3760 White Hills Wander,PICKEREL,al,06251,441-550-3577,181-248-9267
532,Vivian,Matos,SVP,78,9000 Ivory Quail Swale,GLOUCESTER,nc,22940,883-847-7219,604-750-4361
533,Marie,Ferreira,Analyst,72,10619 Honey Grove Grove,CADWELL,mi,52052,379-852-4571,540-600-5878
534,Anna,Curran,Analyst,56,24984 Crimson Oak Vale,MANHATTAN,va,62425,232-937-2242,224-806-4995
535,Brian,Dickson,CDO,53,88396 Pretty View Niche,PALOS HEIGHTS,ny,97014,630-961-5311,368-639-8647
536,Josephine,Lewandowski,CDO,15,417 Amber Timber Villa,EL PASO,tx,67646,763-322-8591,449-556-6723
537,Marilyn,Korn,Analyst,99,97047 Jagged Barn Villa,ANGORA,ca,02817,323-919-9369,858-664-2694
538,Robert,Brooks,Analyst,5,1744 Colonial Beacon Heights,ANCHORAGE,az,45050,644-723-6433,563-998-8145
539,Johnathan,Baskerville,Analyst,9,38684 Rocky Pond Place,BOYNTON BEACH,co,45377,895-853-4402,400-614-5423
540,Levi,Sanchez,Dir Tech Svcs,45,9469 High Rabbit Vista,NIPTON,fl,08349,850-897-3452,414-325-8588
541,Magaret,Hernandez,Analyst,15,8 Green River Pike,EASLEY,wi,28714,801-746-8611,213-597-7842
542,Kristina,Jefferson,Analyst,53,649 Foggy Blossom Mews,FERRIS,ca,54751,177-700-9903,599-486-5852
543,Andrew,Dinger,Analyst,11,34198 Colonial Butternut Cove,VIDOR,pa,24216,236-651-8100,989-909-5675
544,David,Callahan,SVP,95,10689 Green Rise Bend,STRATFORD,az,25309,504-301-6377,177-781-8229
545,Maria,Collins,SVP,97,59821 Lost Axe View,RACINE,in,01223,314-909-8640,981-836-6065
546,Barbara,Merrick,Sr. Business Dr,82,24979 Heather Rise Heights,COLQUITT,hi,18540,145-919-9590,280-315-1673
547,Christopher,Squier,CDO,21,1802 Easy Bird Street,MARANA,ar,37315,753-257-4242,528-900-1056
548,Jason,Cardwell,Analyst,72,59191 Foggy Bluff Dell,SPOKANE,tx,11576,201-571-3810,963-995-2812
549,Eric,Pearson,Analyst,73,4 Tender Holly Cut,MC CONNELLSTOWN,tn,58781,692-471-1905,810-845-4942
550,Magdalene,Mcnally,Analyst,62,3270 Dusty Dale Niche,EXETER,tx,38342,491-379-7916,471-406-6656
551,Michael,Ladue,SVP,60,46432 Sleepy Nectar Falls,CHARLEMONT,ca,79907,623-561-6943,655-410-7322
552,James,Sheppard,Analyst,88,55091 Happy Branch Highlands,TWIN VALLEY,ga,67039,216-383-4233,971-342-1455
553,Vickie,Flowers,SVP,24,42704 Merry Prairie Point,FRANKFORT,hi,60675,530-352-3625,840-533-2773
554,Gerald,Salinas,Analyst,28,84733 Windy Swan Manor,ERIE,fl,74193,698-499-8409,426-621-4368
555,Gregory,James,CDO,66,1801 Long Peach Avenue,WASHINGTON,pa,43519,571-242-2441,252-131-7921
556,Robert,Young,CDO,50,18115 Twin Anchor Dale,WILLIS,ca,26372,204-711-8918,418-230-7787
557,Carrie,Rowe,Dir Tech Svcs,86,3074 Lone Acorn Cut,MELCHER-DALLAS,ma,24091,827-885-7650,912-737-2006
558,Lillie,Hartzler,SVP,79,32568 Burning Bird Shoal,FOSTER CITY,ca,69133,922-293-8005,288-322-4092
559,Gary,Frerichs,Analyst,68,32128 Rustic Cider Circle,WALCOTT,nc,68734,399-149-7980,251-420-9082
560,Malik,Mendoza,Dir Tech Svcs,87,43081 Pearl Stone Bend,SAINT CLOUD,ok,59039,721-563-8279,602-383-7351
561,Debra,Freeman,CDO,93,77444 Gentle Bridge Glen,EAST PROVIDENCE,tx,51340,564-503-4292,289-252-3566
562,Donald,Zuniga,Analyst,99,53225 Ivory Rabbit Pass,WILLIAMS,pa,71866,109-555-7395,216-118-9670
563,Andres,Harrington,Dir Tech Svcs,9,2447 Auburn Nectar Journey,SPRING MOUNT,il,73067,338-425-1503,434-144-1469
564,Nicole,Maher,CDO,59,74316 Gentle Butterfly Cut,ESCONDIDO,ny,35621,372-687-3439,947-774-6904
565,Jerry,Price,SVP,57,17791 Emerald Creek Villa,MAMMOTH SPRING,fl,48002,217-422-2264,643-868-1687
566,Dale,Smith,Analyst,15,22389 Orange Nectar Meadow,OSTEEN,fl,82008,174-487-9125,893-366-1459
567,Owen,Arnold,Dir Tech Svcs,75,96295 Amber Snake Rove,WINDSOR,de,55601,556-249-9824,989-864-8630
568,Debra,Medina,Analyst,35,9242 Misty Island Canyon,EDROY,az,14038,269-262-2687,248-244-5392
569,Virginia,Russ,Analyst,20,428 Colonial Chestnut Run,NEW HOLLAND,ca,03087,685-749-8570,335-708-5490
570,Flora,Roche,Analyst,6,99964 Long Bird Way,PRINCETON,ca,57719,763-877-8019,529-305-4797
571,Jennifer,Duda,CDO,61,27938 Blue Willow Vista,FARMINGTON,ma,75263,641-822-5098,978-593-9083
572,Regina,Washington,CDO,46,52706 Big Dove Twist,WORTHING,ar,23047,470-863-6795,827-757-6510
573,Fred,Livingston,Analyst,6,86289 Silent Autumn Road,STONY RIDGE,ct,22535,984-856-2583,196-976-8866
574,Teresa,Wyatt,CDO,88,288 Blue Bridge Stroll,SHAUCK,id,68434,688-972-3977,725-601-6864
575,Andrea,Gibbons,CDO,40,73103 Green Flower Isle,PETREY,mt,76661,938-730-9192,599-760-1434
576,Richard,Green,Analyst,94,75580 Honey Lake Byway,THE DALLES,nm,03032,646-939-7928,556-719-7690
577,Jacqueline,Wood,Analyst,24,8579 Lone Dove Landing,MILLBURN,mi,54240,467-510-7434,505-716-8102
578,William,Saylor,Analyst,27,15874 High Creek Heights,LOUP CITY,mt,67570,602-879-4810,197-388-3792
579,Alice,Davis,Dir Tech Svcs,92,28607 Bright Prairie Estates,MINERAL WELLS,fl,51540,425-274-7109,749-247-7169
580,Shanelle,Townsend,Dir Tech Svcs,82,2244 White Turtle Field,HUBERTUS,nc,54517,705-263-7673,519-610-4022
581,Carl,Sais,Analyst,72,4443 Lost Zephyr Arbor,PINELAND,tx,62823,122-895-4240,631-478-1762
582,Barry,Dossantos,Dir Tech Svcs,57,32131 Red Holly Rove,VALLEJO,tx,57253,414-353-1248,562-852-2859
583,Gladys,Ambrose,Dir Tech Svcs,97,638 Hazy Robin Haven,PITSBURG,ga,96028,803-253-5757,753-502-3037
584,Albina,Mcfadden,Analyst,24,12121 Pleasant Flower Haven,MIAMI,wv,33827,145-443-2042,121-787-5309
585,Rachel,Haggerty,CDO,64,13223 Little Pony Street,NAPLES,az,22729,341-761-3762,820-968-3473
586,Danny,Pierre,CDO,85,4569 Easy Mountain Run,BELCHER,tx,94234,145-500-8834,133-215-5738
587,Lakisha,Najera,Analyst,23,92423 Old Quail Rove,BAILEYTON,tx,10538,560-469-4965,950-310-8344
588,Derek,Blevins,Dir Tech Svcs,39,87321 Red Acorn View,LENORE,me,46904,794-373-7583,990-721-3412
589,John,Fordham,Analyst,33,78833 Tawny Leaf Heights,BANKS,ct,71638,416-900-3131,567-282-6812
590,Willard,Lee,CDO,55,23 Quaint Crow Landing,GREENWICH,ma,77516,206-826-8917,981-316-8712
591,Shannon,Claflin,Analyst,37,50814 Still Chestnut Nook,THE VILLAGES,co,58075,293-197-4427,672-680-3325
592,Theodore,Dotson,Analyst,67,466 Lost Beacon Lagoon,LEXINGTON,mn,18703,806-218-3126,929-124-7402
593,Gordon,Pemberton,CDO,74,94135 Sleepy Bluff Alcove,TORTILLA FLAT,ga,92011,134-749-6262,708-301-3109
594,Roger,Dorsey,Analyst,68,59578 Turning Snake Niche,HAMEL,oh,07194,663-200-4997,423-249-7931
595,Octavio,Francisco,Dir Tech Svcs,90,51643 Round Timber Circle,CHESTERFIELD,tx,93116,425-666-8152,841-232-1843
596,Sylvia,Richards,Dir Tech Svcs,98,75867 Crimson Autumn Vale,WEIR,wi,11501,111-830-3637,877-802-9513
597,Jeffrey,Gannon,Analyst,93,104 Sunny Creek Pike,TONEY,oh,77339,928-307-6644,543-573-6883
598,Melissa,Witt,Analyst,83,21661 Fallen Willow Path,APO,oh,17264,468-671-8367,214-850-5248
599,Fred,Crawford,Dir Tech Svcs,13,79442 Sunny Treasure Edge,PURLING,fl,94208,509-643-2666,987-754-9411
600,Myra,Mack,CDO,81,36375 Umber Anchor Estates,GAINES,ny,47962,204-221-2773,938-226-1700
601,James,Boone,SVP,66,28714 Still Autumn Bluff,CLARKSVILLE,ny,05604,841-625-7952,312-971-3474
602,Rachele,Trujillo,Dir Tech Svcs,14,73591 Pleasant Anchor Alcove,SECRETARY,mo,98003,854-441-8690,884-434-5178
603,Victor,Lowder,SVP,52,1025 Round Treasure Nook,SANTA YNEZ,sc,28253,895-549-4650,214-181-6477
604,Eva,Gray,Analyst,71,68769 Foggy Pioneer Knoll,HAYESVILLE,ga,63091,774-107-1001,129-646-1592
605,Benjamin,Lanier,Analyst,36,42969 Rustic Hickory Lane,SALUDA,fl,94557,748-879-5604,392-985-6242
606,Bobby,Cabrera,CDO,1,8960 Thunder Hickory Grove,OKLAHOMA CITY,ma,18241,134-359-2796,854-675-6690
607,Louise,Borger,Analyst,78,8888 Bent Barn Pike,ROGERS,ca,16301,339-345-5555,288-848-7655
608,Sharon,Wiseman,SVP,30,34023 Hazy Peach Canyon,ATHENS,tn,77359,823-986-5418,726-123-7914
609,Lillie,Carlton,CDO,19,70853 Quiet Wagon Pass,FRANKLIN,il,42518,375-690-9219,341-623-5806
610,Carlos,Hawkins,Dir Tech Svcs,64,30164 Sweet Barn Road,KNIERIM,az,61441,816-865-3728,335-705-9949
611,Flora,Johnson,Dir Tech Svcs,48,91412 Blue Cider Byway,KENOSHA,va,77547,155-674-2068,182-263-6448
612,Maria,Thompson,CDO,46,1462 Bent Nest Twist,NEW PORT RICHEY,nm,76034,782-270-3324,370-244-9655
613,Charles,Georges,SVP,39,14403 Misty Branch Villa,ROANOKE,wa,57737,174-613-8580,759-731-5942
614,Debbie,Griffin,Analyst,42,9271 Crimson Acorn Mews,WOODRUFF,pa,38076,305-719-9076,722-382-8309
615,Deborah,Frost,Dir Tech Svcs,59,68175 Honey Pumpkin Pass,GROOM,ny,22042,627-273-7390,753-866-1183
616,Suzanne,Edwards,Sr. Business Dr,70,1803 Rose Pine Path,RIVERVIEW,in,87540,869-303-7513,127-116-7596
617,Caroline,Arroyo,Analyst,3,78360 Square Feather Trek,MINNEAPOLIS,sc,99333,328-240-5212,810-358-2216
618,Shannon,Davies,Dir Tech Svcs,99,25143 Birch Berry Woods,NECEDAH,ca,39072,217-402-7975,549-524-1698
619,Laura,Gilmore,Analyst,92,22 Honey Swan Hollow,D HANIS,ga,80467,194-619-2877,919-610-6999
620,Linda,Mcginnis,CDO,64,3 Colonial Nest Ridge,LANKIN,pa,04972,583-143-2934,620-247-7489
621,Patricia,Whitley,Dir Tech Svcs,27,59409 Noble Fox Cove,BLANCO,ca,23321,646-291-7188,479-564-7954
622,Jason,Clevenger,Dir Tech Svcs,54,69767 Crystal Peach Orchard,CARROLLTON,wi,01037,941-877-1866,670-130-3174
623,Clyde,Bryan,Analyst,16,56530 Turning Holly Stroll,TULSA,ky,86343,886-164-4807,755-153-7493
624,Candice,Warner,Analyst,77,54935 Lost Goat Acres,SEATTLE,co,78247,876-407-5840,183-983-7335
625,David,Wolf,CDO,88,299 Heather Grove Flats,BALLENTINE,ia,32040,793-707-3371,811-727-6566
626,Antonio,Renner,Analyst,24,29405 Sweet Panda Lagoon,WILLARD,tn,49783,527-324-5608,660-578-9168
627,Sarah,Velazquez,Dir Tech Svcs,62,79359 Lonely Rabbit Mews,ORCHARD,nc,29386,920-936-9514,456-453-5613
628,Richard,Weeks,SVP,28,36523 Pearl Pumpkin Woods,KILLDEER,ca,75849,549-669-6149,732-892-7973
629,Connie,Woods,CDO,97,89621 Red River Place,LANCASTER,mo,26812,618-741-4454,992-599-5434
630,William,Agnew,Dir Tech Svcs,7,6349 Rough Nut Run,BEEVILLE,ma,40020,319-647-2848,327-906-3391
631,Geraldine,Harris,Analyst,39,34900 Middle Fox Dell,KEWANNA,wi,93776,402-625-3546,897-118-2065
632,Michelle,Fontaine,Sr. Business Dr,73,14089 Dewy Quail Jetty,GLEN COVE,va,16822,808-516-3959,213-332-3903
633,Trisha,Neer,SVP,56,30760 Blue Swan View,FAIRBANKS,nh,23850,432-950-1395,676-448-3972
634,Deborah,Arredondo,Dir Tech Svcs,52,57297 Iron Flower Bluff,BOWLING GREEN,va,02858,876-864-7594,968-297-6368
635,Dominick,Davis,Analyst,20,97984 Cinder Flower Acres,SAGLE,tx,60687,452-758-1069,562-504-3558
636,Andrew,Keenum,SVP,86,1546 Emerald Sky Park,PALATINE,mo,46211,169-722-6684,615-934-1850
637,Dean,Miller,Analyst,69,24317 Middle Butterfly Hollow,HOUSTON,va,38464,120-429-6398,303-355-4329
638,Joyce,Strother,CDO,36,46668 Lost Chestnut Wander,AUGUSTA,tn,16440,547-403-8418,449-624-2122
639,Dianne,Gingerich,Dir Tech Svcs,86,960 Broad Treasure Bend,ANCHOR POINT,pa,95636,837-922-7969,383-191-9242
640,Marilyn,Vargas,SVP,40,1613 Crimson Pioneer Alcove,AVON,il,19098,580-106-8742,300-552-1037
641,Robert,Klinger,CDO,71,18067 Lost Cottage Niche,SILVER SPRING,il,46801,440-465-7806,121-618-2478
642,Naomi,Seiler,Analyst,24,81808 Blue Axe Lace,BOWMAN,az,99322,165-131-5513,888-209-9479
643,Judy,Mankin,Analyst,11,31867 Quiet Bluff Quay,UPPERSTRASBURG,ca,01850,157-819-6496,193-473-6118
644,Cynthia,Foster,Dir Tech Svcs,63,12122 Lost Leaf Villa,GADSDEN,ca,02878,188-697-2464,566-589-6135
645,Edgar,Roberts,CDO,83,1025 Old Anchor Drive,ALBERT,nh,37190,418-640-6097,933-685-1142
646,Scottie,Hogan,SVP,31,890 Birch Turtle Court,HOLDEN,fl,14208,830-798-7959,589-668-1738
647,Nick,Her,Analyst,17,80967 Sunny Beaver Highlands,LAS VEGAS,ca,50582,758-683-9800,523-743-5779
648,Leroy,Rickard,Sr. Business Dr,49,33030 Honey Harbor Journey,LACOMBE,la,16533,920-464-4080,727-226-7049
649,Debbie,Hines,Dir Tech Svcs,83,64123 Pearl Creek Race,HAYMARKET,mi,70754,350-266-2063,448-924-1786
650,Jaime,Edwards,Analyst,83,15149 Pearl Nest Court,ATLANTA,va,30144,925-949-8688,446-711-5678
651,Luis,Mounts,Dir Tech Svcs,57,8699 Rocky Prairie Round,PINE MEADOW,de,18212,736-447-3424,396-381-4826
652,Sandra,Rojo,Dir Tech Svcs,82,6785 Rocky Island Twist,MOBILE,mt,67736,393-705-1601,118-446-3397
653,Heidi,Rosenbaum,SVP,57,80465 Lazy Treasure Acres,HUNTINGDON,fl,75928,813-657-6446,732-105-6653
654,Charlette,Dunn,Analyst,98,96436 Crystal Hills Vale,COVINA,pa,48444,698-413-9661,501-278-1724
655,Louise,Hoskins,CDO,35,4038 Quaking Forest Road,APO,az,55801,431-128-4327,326-258-6992
656,William,Dixon,Analyst,28,32105 Square Hickory Ridge,LENNON,in,19606,966-485-8768,607-308-1006
657,Jason,Renshaw,Sr. Business Dr,98,43055 High Branch Heights,CONCORDVILLE,sc,94954,643-747-7050,981-719-2355
658,Ricky,Peterson,CDO,21,80567 Green Oak Shoal,JACKSONVILLE BEACH,nj,71165,719-100-1843,731-761-5679
659,Evelyn,Canada,SVP,53,38888 Blue Autumn Haven,TAMARACK,mi,06501,248-938-9134,134-488-4069
660,David,Severs,Analyst,34,27395 Jagged Willow Cut,RATTAN,oh,83450,816-622-9423,316-783-6508
661,Martin,Pettyjohn,Dir Tech Svcs,86,86820 Umber Feather Pike,CENTER LOVELL,ut,76044,519-936-4805,604-891-4971
662,Richard,Hession,CDO,82,57433 Long Acorn Street,MIAMI,tx,37332,822-795-3599,754-343-2685
663,Florence,Baker,Analyst,74,92821 Harvest Pine Path,BIRDS LANDING,ga,52406,367-144-9521,262-506-2531
664,Jenifer,Taylor,SVP,54,37130 Burning Diamond Round,ANACONDA,il,01071,726-855-1281,468-880-5137
665,Maryann,Patterson,Analyst,88,2 Little Gate Corner,CAROGA LAKE,wa,97294,150-124-6696,374-754-6871
666,Patrick,Eubanks,Dir Tech Svcs,76,52874 Stony Mountain Wander,GERMAN VALLEY,ca,17108,928-140-6582,638-203-8098
667,Patricia,Scruggs,CDO,37,72427 Big Embers Bayou,BEACH CITY,mn,24473,967-647-5887,762-330-9752
668,Kendall,Ness,Analyst,38,36160 Thunder Rise Shoal,LAFAYETTE,ks,06814,589-786-1531,130-169-1754
669,Alicia,Stone,CDO,12,98892 Honey Log Gate,PITTSBURGH,md,30638,106-592-7119,213-571-5500
670,Katrina,Kwon,Analyst,99,4156 Sandy Zephyr Gardens,NORTH PRAIRIE,in,43332,750-279-1281,408-421-3227
671,William,Hodge,Analyst,12,1310 Silver Diamond Glade,ROMNEY,wa,29527,396-446-2992,787-181-2280
672,Terrence,Gift,SVP,49,32115 Ivory Mill Glade,DECHERD,ca,49429,105-137-7705,235-935-3473
673,Elaine,Pederson,SVP,18,4705 Red Anchor Drive,CANTON,nj,44417,177-714-8362,177-494-9894
674,Rena,Clark,CDO,80,3139 Birch Cloud Path,MAHAFFEY,or,22938,659-395-2549,804-513-8208
675,Teresa,Stanley,CDO,95,1152 Dusty Rock Nook,BYRDSTOWN,ks,54868,229-512-2277,215-841-5074
676,Phyllis,Hansen,SVP,97,69780 Bent Nectar Park,FAIR PLAY,ny,33406,775-120-3599,896-528-6415
677,David,Hambrick,Dir Tech Svcs,90,3946 Birch Log Alcove,FPO,ca,43786,669-966-2134,822-806-4646
678,Kerrie,Edwards,CDO,25,21061 Dusty Stone Park,NEW HOLSTEIN,tx,03216,136-532-9403,809-314-5385
679,Kenneth,Page,Analyst,42,43 Happy Nut Haven,TIRO,ma,12791,755-473-8105,475-809-8273
680,Luis,Sisco,Sr. Business Dr,58,249 Rocky Lamb Bluff,NIAGARA UNIVERSITY,wa,17576,147-355-1343,976-562-9719
681,Kelly,Roberts,SVP,21,7121 Pleasant Crow Round,SACUL,fl,60015,539-618-3327,827-216-7188
682,Glenn,Wieczorek,Dir Tech Svcs,57,28079 Green Barn Grove,CLARKSVILLE,pa,28219,883-328-3126,842-344-2334
683,Peggy,Gartner,CDO,36,96658 Cotton Pony Swale,MOOREVILLE,la,47966,571-110-5126,142-701-9897
684,Dean,Edwards,Dir Tech Svcs,97,31048 Misty Nut Field,OVERLAND PARK,tx,21644,746-546-5226,283-308-8980
685,Robert,Carpenter,SVP,68,155 Heather Bluff Heights,MAPLE SPRINGS,ar,02743,299-628-8608,651-850-6766
686,James,Wright,CDO,96,38049 Calm Beacon Dale,UVALDA,ny,70528,334-883-5167,599-655-1836
687,Cindy,Thompson,Analyst,69,1 White Bluff Hollow,MARNE,va,95269,936-286-6807,317-110-5673
688,Erline,Muncie,SVP,10,95826 Round Turtle Gate,MARYSVILLE,mo,30375,700-763-7879,322-819-2402
689,Donald,Hall,Analyst,23,14933 Sleepy Fox Dale,SAINT PAUL,ca,63196,292-720-9871,166-359-9838
690,Shirley,Craven,Dir Tech Svcs,75,76940 Blue View Ridge,TUJUNGA,ny,25334,739-202-9394,635-236-5156
691,Andrew,Burks,CDO,61,39101 Calm Branch Haven,BRUNSWICK,ca,21683,826-658-4569,723-394-2515
692,David,Furlong,Analyst,25,7689 Red Squirrel Quay,BARNEGAT LIGHT,wi,74736,361-741-6305,160-266-5097
693,Arlene,Spiker,SVP,75,58117 Cotton View Ledge,LOWELL,pa,68501,179-653-4274,448-543-1518
694,Manuel,Christiansen,Analyst,50,44522 Amber Autumn Rove,TALLAHASSEE,nv,43136,476-761-7088,762-750-8724
695,Sally,Oliver,Analyst,90,28431 Noble Oak Bank,NEW YORK,ca,28734,319-675-6166,254-391-2374
696,John,Garrett,Analyst,1,63526 Quaking Acorn Orchard,TAMPA,wa,75169,429-533-4534,641-382-2556
697,Evelyn,Jowers,CDO,39,15353 Red Gate Valley,LOUISVILLE,mn,02368,814-325-6166,199-602-4106
698,Chad,Meidinger,Dir Tech Svcs,55,73606 Misty Snake Pace,PATRICK,mi,15218,888-502-1750,400-755-9118
699,Mana,Edwards,SVP,42,11872 Honey Anchor Rove,RATON,tx,89034,945-921-6209,544-567-8888
700,Laura,Montano,CDO,36,83903 Happy Dove Circle,YUCCA,mi,61448,741-736-3997,662-683-1286
701,Kristine,Gilbreath,Analyst,64,99120 Harvest Willow Valley,KANSAS CITY,nv,67843,417-777-4413,182-392-1419
702,Alan,Romero,SVP,94,87429 Shady Pioneer Vale,SAINT JAMES CITY,nc,01238,769-767-4510,567-202-8852
703,Casey,Rouse,CDO,17,74718 Hush Creek Quay,MORTON,nj,56093,924-104-5146,566-629-6831
704,Janice,Utt,CDO,88,23682 Iron Dove Edge,COLERIDGE,ok,42338,373-821-4545,343-895-2464
705,Barbara,Nesmith,Sr. Business Dr,88,55915 Golden Axe Isle,MAPLETON,wi,66742,785-263-8848,469-106-1880
706,Michael,Sheffield,SVP,48,26864 Foggy Creek Street,GULF BREEZE,ca,40515,541-264-2621,663-484-6487
707,Manuel,Johnson,Dir Tech Svcs,58,156 Pearl Log Mews,EMPIRE,tn,49799,647-494-6362,569-607-9798
708,Raymond,Juarez,CDO,44,79341 Windy Turtle Crest,PENOBSCOT,ca,12209,793-559-7703,808-714-5422
709,Edna,Sloan,Sr. Business Dr,41,41494 Green Chestnut Landing,STURTEVANT,mi,53101,525-840-9444,942-464-4329
710,Raymond,Payne,CDO,88,20440 Merry Peach Mews,PARKVILLE,nh,64153,215-259-7378,885-963-9910
711,Amber,Glass,Dir Tech Svcs,58,8499 Pretty Flower Lace,MYSTIC,ri,84144,611-297-5990,384-873-4219
712,Joseph,Ballard,CDO,73,18068 Lost Butterfly Chase,WEST POINT,ga,25606,864-690-1762,140-307-2944
713,Trisha,Rand,Dir Tech Svcs,88,27706 Golden Brook Cove,WINONA,ct,63103,350-823-3508,339-938-4631
714,Stanton,Bullock,Sr. Business Dr,98,51601 Small Cider Dale,CORAPEAKE,or,72116,446-732-3469,944-261-1813
715,Necole,Coulter,Analyst,9,22189 Cold Willow Niche,TRENTON,oh,62613,405-392-5120,497-435-7708
716,Walter,Riddles,Sr. Business Dr,80,66628 Merry Diamond Field,RHODES,nv,19512,623-967-9352,335-895-1523
717,Jennifer,Steil,Analyst,14,2847 Cool Gate Gardens,WATTS,nj,27596,253-891-1452,598-351-7736
718,Patricia,Beauregard,SVP,66,59824 Cool Butternut Farms,SEMINOLE,dc,12952,705-857-1919,550-747-1617
719,Ivy,Fargo,CDO,97,44510 Twin Grove Trail,FOX LAKE,sc,60209,172-730-1022,297-416-4929
720,Patrick,Thomas,CDO,17,32594 Small Castle Place,JEFFERSONTON,me,37620,198-729-2112,758-537-8152
721,Judith,Smitherman,Analyst,62,2521 Fallen Lake Flats,GERALDINE,pa,48070,104-845-6499,116-209-5072
722,Bernie,Romero,Analyst,38,41813 Amber Acorn Trace,OKLAHOMA CITY,me,25779,277-194-3097,726-357-7574
723,Kari,Lambert,CDO,60,27207 Shady Dove Pike,MOBILE,il,32839,423-448-1627,584-973-4221
724,Javier,Reeves,SVP,52,33583 Dusty Pioneer Gardens,BELMONT,or,79942,772-739-3460,574-131-1627
725,Donald,Anderson,Analyst,35,14651 Umber Blossom Corner,HARRISON,ks,71731,893-116-8761,168-656-5990
726,Debra,Honeycutt,Analyst,36,81515 Bent Elk Promenade,HARBORSIDE,il,62329,477-483-2933,679-200-5106
727,William,Reed,Analyst,70,367 Auburn Rock Knoll,MORENO VALLEY,hi,70777,521-982-5049,451-804-3974
728,Bobby,Tobin,SVP,6,17476 Sandy Fox Court,EXTON,ga,01262,346-755-7325,837-265-2054
729,Kim,Wells,CDO,9,4925 Misty Goose Canyon,LAFAYETTE,pa,14012,970-149-5060,603-975-9151
730,Patricia,Pickett,CDO,14,18672 Dewy Bird Stead,TROY,fl,34679,509-786-8422,274-258-1318
731,Adelle,Pate,CDO,76,60847 Pleasant Mill Lace,WINSLOW,fl,85190,694-228-3996,615-639-6267
732,Doretha,Nichols,CDO,12,79537 Happy Hickory Gate,COOSADA,ks,68433,685-860-8189,917-789-2481
733,Linda,Wilson,Sr. Business Dr,79,42797 Golden Leaf Highlands,PAULINA,va,38850,634-243-7718,524-731-1460
734,Berniece,George,CDO,87,46159 Merry Axe Way,VARNELL,in,63467,767-345-1855,233-279-9992
735,Graciela,Regina,SVP,76,49632 Jagged Dove Mews,AUSTIN,me,51445,975-206-6138,614-766-6468
736,Walter,Vasquez,Sr. Business Dr,81,52803 Broad Deer Court,SOUTHFIELD,al,57016,386-904-2866,401-498-4004
737,Brandon,Chancy,CDO,91,2074 Fallen Blossom Farms,ECKERTY,tx,78163,248-402-8986,538-944-2110
738,Margaret,Hinkle,CDO,31,96 Honey Swan Jetty,IMBODEN,ca,72110,792-233-9600,714-549-8499
739,Kathleen,Mcdonald,CDO,14,5504 Quaint Willow Cove,PASADENA,va,19898,694-894-3342,974-671-3472
740,Thomas,Hernandez,SVP,54,13663 Pretty Bluff Swale,LUCASVILLE,nc,20408,267-671-4793,975-812-9919
741,Lynnette,Gillen,Analyst,44,50037 Pleasant Timber Field,ELKRIDGE,il,42287,682-415-9539,378-810-7938
742,Karen,Warren,Dir Tech Svcs,25,74447 Silent Crow Rove,TACOMA,ok,17547,649-128-1326,180-974-9735
743,Todd,Tardiff,Analyst,3,2575 Hazy Maple Circle,NEW ORLEANS,fl,04609,872-787-7141,152-652-5770
744,Mark,Smith,CDO,56,38896 Round Bluff Orchard,JONESBORO,pa,16132,172-486-2661,897-411-6683
745,Sarah,Darrell,CDO,90,88287 Sweet Holly Byway,CRAWFORDVILLE,oh,92107,983-340-8558,833-218-4755
746,Archie,Walker,CDO,9,59455 Hazy Cloud Avenue,RANDALL,ct,66224,934-140-8075,949-212-2208
747,Lisa,Medina,Dir Tech Svcs,1,4361 Lazy Leaf Bluff,LAGRANGE,ut,16347,657-875-5977,372-662-3400
748,Shelly,Hunt,SVP,84,4358 Merry Goat Farms,DAVILLA,ks,71241,990-549-1534,587-483-7355
749,Blaine,Byrd,Analyst,28,21682 Cotton Nest Road,BETSY LAYNE,sc,02556,123-803-5486,158-112-4339
750,Shane,Boyden,Analyst,26,6295 Sleepy Rock Ledge,LIBERTY,tn,27113,547-690-2975,528-926-2652
751,Joel,Perez,Dir Tech Svcs,29,45657 Grand Goose Quay,PAX,ca,37178,947-781-1414,911-814-1219
752,Brenda,Fraser,CDO,15,95208 High Treasure Race,OCEAN GROVE,tx,71929,737-554-6213,865-902-7240
753,Jerome,Helzer,CDO,77,73056 Pretty Elk Byway,WILSON,al,28139,975-562-5785,423-379-6761
754,Steven,Garcia,Analyst,84,31054 Rose Rock Crest,MAPLE SHADE,ma,71844,677-421-6123,652-722-6488
755,Domingo,Jack,CDO,51,10954 Lazy Horse Hollow,ESTELLINE,va,21912,600-159-1687,845-666-3148
756,Beth,Ibarra,SVP,45,62 Stony Branch Bluff,BATON ROUGE,il,33307,589-688-2989,765-705-2978
757,Vivian,Bateman,SVP,22,95112 Dusty Hills Field,LAWRENCE,fl,90267,351-109-4386,419-787-6386
758,Scott,Wilner,Sr. Business Dr,76,93855 Sunny Fawn Bank,ERIE,ca,78931,341-124-3162,787-241-4307
759,Stephanie,Chavez,Analyst,19,10930 Colonial Cloud Chase,TREMONT CITY,il,18470,263-971-7088,959-783-1686
760,Lester,Nissen,SVP,36,364 Red Castle Bend,OSCEOLA,wi,70563,222-798-5884,807-674-4541
761,Angela,Davis,SVP,47,1832 Rocky Leaf Twist,SWANTON,ny,50860,701-994-3623,195-965-4679
762,Victoria,Ramsey,CDO,52,54503 Red Holly Orchard,LEXINGTON,ky,12471,624-400-6489,423-305-8956
763,Vernon,Infante,CDO,43,2355 Old Elk Orchard,CLOSTER,ca,51345,920-663-8973,531-775-9707
764,Yvonne,Anderson,Analyst,22,3138 Happy Apple Court,RADFORD,nc,10150,173-749-6011,231-142-3115
765,Samuel,Taylor,SVP,10,45335 Long Dove Bluff,CHAUVIN,pa,95914,975-775-9867,246-345-4038
766,Frank,Huff,CDO,46,84 Clear Nest Bend,QUINCY,fl,32811,216-188-8022,130-504-2649
767,Boyd,Crawford,CDO,99,6514 Still Butternut Landing,ROCKINGHAM,tn,27285,555-237-9029,199-850-4063
768,Jeane,Perry,CDO,30,3504 Amber Timber Point,WASHINGTON,mi,04613,598-461-3344,287-249-1316
769,Sanjuanita,Shoemaker,CDO,58,10407 Tawny Holly Dell,BROMIDE,ga,16522,710-837-9895,329-600-2925
770,Ellen,King,CDO,5,45727 Merry Butternut Pass,GREENVILLE,ny,30006,177-240-6022,517-309-8361
771,Fred,Welch,Analyst,12,412 Cinder Castle Alcove,LONG BEACH,az,84317,895-954-3477,211-471-8584
772,Freeman,Atchley,SVP,28,7710 Little Dove Niche,SOUTH RANGE,mi,77706,260-624-6621,524-561-2835
773,Abraham,Lindgren,Analyst,80,5797 Sweet Horse Farms,SONDHEIMER,nv,70552,344-791-1905,383-935-9400
774,Andy,Taylor,Dir Tech Svcs,55,1603 Gentle Elm Woods,JACKSON,pa,32937,697-106-2973,142-834-7453
775,Manuel,Matthews,SVP,77,2195 Strong Log Circle,LONG BEACH,nj,56042,789-866-2485,882-745-9478
776,Pedro,Marshall,Analyst,15,9644 Small Crow Swale,NEW YORK,ny,73722,224-204-1243,684-333-4239
777,Connie,You,SVP,91,31805 Middle Feather Stroll,SAN ANTONIO,ca,19319,912-626-1959,427-165-4072
778,Charles,Banks,Dir Tech Svcs,23,10083 Merry Fawn Crest,COMPTON,tx,74736,316-116-6354,137-602-6274
779,William,Glass,CDO,47,3437 Dusty Bird Stead,BADGER,ca,72930,318-192-6432,559-235-6435
780,Carolyn,Lawson,Analyst,45,57595 Gentle Oak Summit,HOUSTON,ca,56560,792-804-6227,161-862-2963
781,Johnny,White,Dir Tech Svcs,92,41198 Sweet Flower Acres,BOYDS,ky,75284,606-732-5011,155-455-7154
782,Ronald,Wilde,Sr. Business Dr,44,89737 Rustic Pumpkin Wander,ROCKPORT,nc,83245,981-210-7687,116-675-9142
783,Nelly,Hart,Analyst,61,54087 Still Feather Vista,HOUSTON,ny,98442,303-947-1655,787-512-9759
784,Laura,Findlay,SVP,63,86569 Merry Dove Lagoon,EASTON,pa,60958,690-918-1955,240-389-7186
785,Gerald,Carter,Dir Tech Svcs,79,10887 Twin Quail Wander,OSHKOSH,la,40157,556-857-6423,875-962-7934
786,Autumn,Brownlee,Dir Tech Svcs,96,22547 Happy Zephyr Court,HUBBELL,ca,10271,433-743-6640,925-270-9514
787,April,Johnson,Analyst,6,9894 Lazy Rock Lace,NORTHUMBERLAND,nc,18014,892-176-3091,179-297-5870
788,Nancy,Robinson,Analyst,93,37607 Heather Lake Shoal,RIDGELY,or,47144,814-982-7247,886-603-1457
789,Patricia,Rudy,Sr. Business Dr,68,7444 Burning Fawn Terrace,PERU,mi,33055,667-691-3606,746-209-1295
790,Juan,Parker,Analyst,43,94881 Rustic Embers Glade,TULSA,nj,93307,776-483-8140,364-825-7748
791,Sarah,Rhodes,CDO,34,13231 Emerald Pebble Summit,EL VERANO,ca,53011,665-356-6687,318-265-6041
792,Gerald,Phelps,CDO,89,15343 Calm Turtle View,SMITHFIELD,mo,30087,287-529-3488,888-963-8720
793,Joe,Guthrie,CDO,26,18580 Jagged Forest Gardens,TACOMA,ia,59474,937-265-4663,904-823-8817
794,Jeanette,Dabney,SVP,53,85380 Fallen Prairie Arbor,HENRICO,ny,56125,416-660-4442,430-696-7281
795,Sharon,Montemayor,SVP,44,9712 Thunder Chestnut Way,KNOX,ky,29470,949-632-3457,244-800-9162
796,Manuel,Sargeant,SVP,46,588 Rose Snake Bayou,JOHNSTOWN,pa,45235,710-113-6448,958-499-2558
797,Kenneth,Haefner,SVP,47,3658 Red Elk Farms,LAKE CITY,tx,43084,741-503-8595,433-448-9622
798,Alexandria,Myers,Dir Tech Svcs,1,17524 Crimson Creek Path,HOLLIDAY,ga,93715,177-836-8215,458-511-6370
799,Ruth,Belcher,Analyst,3,5521 Silent Panda Glade,BELLWOOD,ma,48278,294-903-7188,568-129-4260
800,Jennie,Rivero,Sr. Business Dr,10,15724 Emerald Butternut Bend,AMARILLO,ca,12173,443-394-4751,892-749-1935
801,Barbara,Valentine,Analyst,57,9282 Clear Willow Bayou,LONGVIEW,ca,30328,225-971-2590,516-882-1261
802,Sarah,Vargas,Dir Tech Svcs,36,60509 Gentle Chestnut Cove,SHORTT GAP,ky,38130,901-675-2726,390-520-1265
803,Robert,Hector,Dir Tech Svcs,8,17004 Indian Beacon Bend,GRISSOM ARB,wa,49070,769-450-8013,308-279-9305
804,Bradley,Spataro,SVP,85,39166 Umber Beaver Bank,RANIER,tx,45254,345-178-9261,650-960-5786
805,Eugenia,Rosales,Analyst,73,16729 Tender Timber Lane,ARLINGTON,ky,01832,629-160-2559,218-884-7832
806,Brett,Boyd,SVP,97,52391 Dusty Prairie Flats,MANCHESTER,fl,45239,102-826-8657,879-450-1607
807,Lori,Gomez,Analyst,18,3319 Twin Spring Orchard,BROOKLYN,md,66952,867-731-6330,156-208-4099
808,Michelle,Higgins,Dir Tech Svcs,18,11758 Middle Butterfly Bend,LEBANON,va,28114,685-369-8070,137-825-8922
809,Amanda,Carlson,Analyst,88,39754 Dusty Peach Quay,BELLMAWR,tx,16361,598-100-9159,781-613-6321
810,Horacio,Hui,Analyst,57,50147 Tawny Hickory Road,KREMLIN,ar,35898,125-935-7789,353-822-6436
811,Anne,Purcell,CDO,55,3414 Lonely Pioneer Farms,MARSTON,al,72413,576-609-1772,493-234-8026
812,Celina,Horne,Analyst,96,11645 Silent Mill Lagoon,GONZALES,in,34736,968-503-4019,499-149-1107
813,Magdalena,Guerrero,SVP,68,68872 Silver Lake Bank,NEWARK,oh,73015,363-249-4113,255-145-2066
814,Christopher,Foster,Analyst,16,28390 Lazy Barn Chase,EDGEWOOD,fl,48890,849-503-5723,745-239-7211
815,Glenn,Durkin,Analyst,20,8256 Silent Sky Turn,WORCESTER,al,48146,141-717-5810,465-775-1421
816,Margaret,Hodges,CDO,95,6921 Quaking Chestnut Wander,YOUNG AMERICA,hi,33159,693-338-8842,616-748-8475
817,Rita,Schneider,Analyst,75,2477 Small Apple Saunter,TUCSON,ca,44316,324-521-6965,146-476-8882
818,Britney,Hoffman,Analyst,31,4642 Cozy Deer Haven,ALSIP,fl,94497,156-939-5853,132-778-5436
819,Julian,Geisler,Analyst,35,25677 Calm Turtle Arbor,NEW YORK,ma,88426,799-476-2468,908-294-8801
820,Dorothy,Thomas,CDO,2,78862 Bent River Bluff,LAMARTINE,ca,31094,882-717-8945,877-135-5623
821,Pamela,Russell,SVP,99,2778 Indian Fawn Swale,VIBORG,ky,37228,686-431-6326,638-796-7579
822,John,Bowen,Analyst,87,25450 Hush Goat Lane,ROMBAUER,il,07834,184-406-4596,402-977-2062
823,Catalina,Justice,Dir Tech Svcs,47,48168 Silent Lake Avenue,WEST SUFFIELD,ca,83228,877-752-7741,145-696-7868
824,Inez,Pimentel,SVP,6,6507 Square Blossom Lane,HOLLISTER,ca,23109,557-473-6833,788-511-6198
825,Elissa,Sigman,SVP,83,13955 Sandy Pine Farms,ABINGTON,ky,72474,544-285-9163,883-772-7725
826,Latonya,Poppe,Analyst,86,431 Crimson Lake Trek,DPO,ny,68464,996-342-9436,764-230-3060
827,William,King,Analyst,18,5298 Rough Pumpkin Lace,CHERRY,pa,98238,222-620-5741,264-698-7836
828,Ronald,Andrews,CDO,86,24877 Quaint Pine Circle,WIND GAP,tx,92037,845-858-4485,950-587-3748
829,Andrea,Love,Analyst,60,48078 Middle Swan Chase,TAVARES,mn,24068,965-816-3667,775-951-1795
830,Genevieve,Carver,Analyst,26,87876 Bent Bird Grove,LAHOMA,ca,46065,958-179-4241,307-517-5899
831,Roy,Hargrove,SVP,64,51700 Misty Elm Highlands,PORTLAND,nc,77661,948-774-2446,815-832-3981
832,Edward,South,SVP,39,91627 Hazy Cider Race,VAN LEAR,mn,33773,894-429-4911,222-692-4910
833,Edward,Suggs,Analyst,99,3932 Amber Pioneer Grove,MACKS INN,wi,44126,883-401-1751,249-583-1930
834,Richard,Chew,Sr. Business Dr,50,5254 Heather Snake Avenue,EDGERTON,mo,51564,313-795-7679,790-587-5134
835,Vincent,Craig,SVP,51,71982 Small Berry Manor,SAVAGE,tx,13801,622-127-3481,224-561-6998
836,Bonnie,Cole,Sr. Business Dr,66,396 Gentle Crow View,NEW MARKET,nj,96096,990-524-1643,582-638-7391
837,Gary,Lavallee,SVP,4,1194 Red Feather Haven,DERBY LINE,ca,98129,130-331-5448,618-346-7488
838,Larry,Cruz,CDO,90,4841 Gentle Dove Twist,PIEDMONT,tx,65769,955-393-9921,242-854-5025
839,Michelle,Peterson,Dir Tech Svcs,57,37719 Windy Swan Lane,EQUINUNK,va,14723,236-691-4986,416-768-7185
840,Joyce,Cherry,Analyst,24,81922 Strong Berry Gardens,PHILADELPHIA,pa,51545,575-679-5662,553-311-4371
841,Sherrie,Grady,Dir Tech Svcs,82,88438 Calm Swan Niche,CLAYMONT,ia,06414,277-826-2428,393-950-3889
842,April,Davis,Dir Tech Svcs,24,17868 Middle Grove Knoll,CONVERSE,ri,27981,459-343-9782,526-988-1493
843,Raymond,Mize,Analyst,95,3104 Quaint Squirrel Canyon,BLOOMINGTON,fl,21824,503-412-8759,118-150-9245
844,Karen,Gossett,Dir Tech Svcs,89,2845 Happy Maple Landing,FOUNTAIN HILL,tn,92176,376-910-1157,245-633-1585
845,Rosalind,Morganti,Dir Tech Svcs,58,42815 Rocky Swan Chase,HOPELAND,ca,29617,486-152-6944,509-940-7842
846,Sandy,Cromwell,SVP,58,29103 Grand Harbor Road,NORTHFIELD,oh,82401,202-607-9271,504-567-7576
847,Nora,Christy,Dir Tech Svcs,56,17689 Twin Beaver Pass,FRANKENMUTH,ny,54226,809-355-8522,776-922-1083
848,Susan,Hayes,Dir Tech Svcs,28,229 Golden Rabbit Street,SAINT CLAIR,ca,62280,291-803-5617,221-326-4728
849,Patrick,Griffin,SVP,17,42662 Crimson Goat Cove,MADISON,fl,46274,370-475-7631,315-276-1239
850,Yesenia,Higgins,Analyst,58,12563 Blue Nectar Alcove,WESTMONT,ga,99001,506-447-6247,246-414-3644
851,Philip,Walther,CDO,57,572 Cinder Peach Bend,RESERVE,ne,57373,480-464-7130,727-236-8174
852,Mary,Hartness,Dir Tech Svcs,61,10788 Iron Bear Stroll,MURPHY,ny,37389,425-163-8171,393-895-8233
853,Janet,Watts,Dir Tech Svcs,18,4346 Silver Pebble View,SISTERS,az,58444,564-308-2668,766-954-5810
854,Leroy,Hinnenkamp,Dir Tech Svcs,93,71755 Pied Bird Grove,CHICAGO,ny,34143,494-407-5299,225-178-4652
855,Mary,Yates,Dir Tech Svcs,59,284 Tender Pine Farms,GREENSBORO,tx,26103,534-370-7203,752-332-8393
856,Samantha,Jones,Analyst,6,71480 Umber Chestnut Terrace,FREELAND,la,51601,679-568-9069,192-155-6131
857,Mark,Turner,SVP,36,2310 Cold Bird Pass,PICKENS,tx,60099,322-379-1301,728-366-9794
858,Eva,Hardin,Analyst,20,87957 Red Feather Avenue,FORT WORTH,wa,20526,956-637-8891,642-290-1326
859,Alejandro,Heath,Analyst,68,40725 Tawny Pebble Point,SHELBYVILLE,nc,12828,106-123-2613,409-373-7176
860,Alvin,Rodriguez,Analyst,21,12014 Easy Pine Lagoon,COY,tx,27836,696-358-4166,803-356-6370
861,Paul,Mullins,Sr. Business Dr,53,58865 Middle Pioneer Round,SEBASTIAN,ma,55977,622-518-9237,590-439-9896
862,Tammy,Cherry,CDO,42,7430 Rough Forest Run,FOSTER CITY,tx,19344,875-550-7540,548-465-7550
863,Brian,Hamlin,CDO,86,2812 Clear Nest Park,LYONS,il,59801,125-510-3005,789-630-2493
864,Dean,Phillips,Analyst,73,58578 Lazy Crow Isle,LOS ANGELES,nv,33306,788-890-6453,771-949-9686
865,Mark,Mounts,Analyst,53,6 Middle Elm Summit,NOVI,nv,64868,393-805-7124,705-436-2617
866,Mary,Shurtz,Analyst,40,16646 Lazy Stone Meadow,CRALEY,nm,55806,806-387-6392,607-421-7668
867,Theresa,Hall,CDO,14,696 Merry Timber Canyon,BUFFALO,ny,19480,123-400-6604,735-906-1642
868,Rosa,Slaughter,Sr. Business Dr,76,96140 Rough Treasure Lagoon,LAKE LURE,ca,80651,678-394-3893,419-823-8634
869,Adam,Pope,Sr. Business Dr,63,14 Sandy Gate Villa,WEIMAR,ga,44860,912-748-4637,913-271-5438
870,Joseph,Centeno,CDO,90,73184 Pied Flower Knoll,PITTSBURGH,fl,51055,386-701-4249,528-291-1927
871,Anthony,Frost,Sr. Business Dr,74,58227 Colonial Snake Gate,DAVIS,il,85502,439-169-3031,555-773-6181
872,Alfreda,Mccoy,SVP,30,6171 Colonial Fawn Landing,ELMHURST,ca,75495,435-989-2965,276-218-7539
873,Jordan,Brown,SVP,53,76299 High Branch Chase,MCLOUD,mo,55307,693-179-9403,550-637-3403
874,Sandra,Weiss,SVP,61,83423 Colonial Zephyr Nook,WAYSIDE,pa,77213,675-407-9279,656-586-5186
875,Mary,Powell,Dir Tech Svcs,95,74936 Windy Bridge Vale,LOS ANGELES,mo,10610,509-467-7198,938-435-2737
876,Michael,Manzo,CDO,60,27982 Bright Pioneer Highlands,WYOMING,ca,03907,471-331-3503,424-343-5443
877,Eleanor,Martin,CDO,2,37105 Rustic Pine Place,SPRING PARK,ma,46502,601-866-9143,768-969-5556
878,Connie,Johnson,CDO,52,42600 Silent Bird Gate,SEATTLE,ga,68950,129-114-6274,486-259-4333
879,William,Castro,Dir Tech Svcs,42,764 Thunder Feather Wander,GULF SHORES,va,02156,814-576-6353,980-384-4082
880,Michelle,Winship,Dir Tech Svcs,14,21756 Stony Fox Pike,LOUISVILLE,ca,92270,380-917-9116,486-751-8774
881,Carl,Pope,Analyst,64,72351 Emerald View Twist,TWENTYNINE PALMS,tx,44612,185-648-4124,262-695-2818
882,Joshua,Miller,CDO,38,564 Easy Branch Woods,SARDINIA,fl,92121,693-272-8602,247-180-8067
883,Karen,Mullen,Dir Tech Svcs,36,5503 Silent Spring View,AMBOY,va,71334,809-375-7016,300-235-3101
884,Elsie,Beckstead,CDO,74,25271 Crystal Pioneer Ledge,APO,al,74035,367-437-3457,941-184-8242
885,William,Lee,CDO,92,97048 Misty Pine Ledge,STRAFFORD,az,80482,775-154-3970,125-250-3718
886,Kathleen,Cody,Analyst,74,2897 Shady Elm Cove,LAKEWOOD,va,45820,429-228-3829,814-250-5136
887,Herman,Hudgens,Analyst,52,19388 Sandy Spring Manor,BYERS,mt,40740,882-106-4765,765-729-8566
888,Jeremy,Lee,CDO,83,50672 Silver Holly Wander,WATTSVILLE,ok,42063,555-985-1305,556-469-2977
889,Maria,Nuno,Analyst,19,5373 Fallen Grove Heights,QUANTICO,ca,53167,579-806-1187,813-325-7539
890,Kevin,Olvera,Sr. Business Dr,86,2566 Cotton Fawn Lace,PITTSBURGH,mi,18960,178-843-8711,518-629-9846
891,Francis,Campbell,Analyst,69,5622 White Cottage Court,MONTMORENCI,ca,34285,822-297-5035,816-428-5202
892,Carolyn,Walker,Sr. Business Dr,89,10364 Square Peach Vale,DOUGLASSVILLE,pa,76484,909-610-8046,668-716-2651
893,Tom,Hawthorne,Sr. Business Dr,33,38257 Quaking Elm Round,FORT PIERCE,tx,73950,181-973-2107,955-830-4660
894,Daniel,Brown,Analyst,65,93975 Thunder Deer Highlands,LITTLE FALLS,fl,40440,421-111-7502,890-472-4381
895,James,Clarke,Dir Tech Svcs,97,66607 Square Beaver Haven,ELLINWOOD,nj,90846,343-685-3533,250-967-5770
896,Magdalena,Hawkins,CDO,42,65848 Silver Nest Lace,SAN JUAN,tx,19803,874-490-7924,971-606-4676
897,Reynaldo,Westbrook,CDO,39,99243 Square Gate Path,DEWAR,fl,39047,668-625-2449,497-733-9115
898,Darren,Ayala,SVP,6,63553 Crimson Panda Court,BUFORD,tx,45146,720-772-4359,532-409-2780
899,Candra,Mason,Analyst,18,414 Long Pony View,EASTON,ca,16404,318-427-1167,561-916-4076
900,Hilary,Bancroft,Dir Tech Svcs,68,13603 Bent Turtle Wander,POYNOR,ia,43927,769-912-6697,214-528-5601
901,Joseph,Grinnell,SVP,15,7063 Pleasant Wagon Alcove,BATCHELOR,oh,77481,776-711-4507,182-694-3064
902,Diane,Castanon,SVP,31,63843 Emerald Lamb Race,HOSSTON,ny,14223,685-969-7437,578-333-1483
903,Rebecca,Mann,Sr. Business Dr,53,55343 Red Rock Flats,LAKE CITY,va,28443,579-412-1598,487-671-1396
904,David,Wray,Dir Tech Svcs,43,73686 Tender Pioneer Dell,MEADOW,de,52657,215-467-4410,467-630-1428
905,Dolores,Frey,Analyst,55,76725 Colonial Snake Gardens,DAYTONA BEACH,ny,28227,423-858-6634,892-507-4701
906,Melvin,Miley,Analyst,7,2736 Lost Mill Avenue,MADELINE,ky,97846,971-930-4672,947-495-8212
907,James,Persaud,Dir Tech Svcs,97,55132 Golden Forest Valley,MUKWONAGO,pa,05701,465-657-9170,836-678-3121
908,Nellie,Homan,Dir Tech Svcs,64,9265 Hush Pine Round,WESTPORT,tx,27944,189-479-8813,488-957-8947
909,Cathy,Atkins,Analyst,26,45567 Crystal Squirrel Dale,PARKER DAM,ca,98371,625-708-7729,492-512-2159
910,John,Spaeth,CDO,21,12585 Dusty Feather Saunter,BODEGA BAY,oh,30449,211-856-1909,466-998-3017
911,Tony,Parkey,CDO,5,81420 Gentle Wagon Run,REPUBLIC,ri,46526,641-308-3672,494-271-4302
912,Franklin,Lacey,CDO,45,15731 Honey Maple Terrace,LOCKWOOD,ma,70615,533-167-6503,982-242-7058
913,Melanie,Lynch,Analyst,56,57357 Strong Grove Drive,MOUNT UPTON,ny,02134,129-113-5526,830-297-2803
914,Alma,Bowlby,CDO,89,29458 Golden Lamb Dale,RIVERSIDE,md,27704,447-801-3203,693-185-1589
915,Lisa,Lowry,Analyst,10,10557 Cool Branch Place,UCON,tx,43943,869-392-3830,839-895-9974
916,Kaley,James,Dir Tech Svcs,85,69484 Dewy Oak Vale,CRUMP,ut,27229,945-275-4105,113-500-6697
917,Joseph,Williams,Analyst,2,78139 Strong Chestnut Run,FLOWER MOUND,ca,36330,112-217-5229,338-351-8437
918,Kendal,Hubbard,Analyst,86,49161 Ivory Bear Lane,LEAD HILL,in,93267,541-147-2229,627-449-1215
919,Gregory,Frederickson,Dir Tech Svcs,71,79694 Silent Embers Nook,NASHUA,ny,48238,345-979-9964,629-848-8348
920,Michelle,Wolfe,SVP,24,97733 Harvest Stone Glade,SHELBYVILLE,pa,84301,568-930-2499,549-989-7221
921,Lucille,Irving,CDO,4,76569 Rocky Brook View,HUNTLEY,tn,44643,149-437-5526,639-836-2934
922,Jacob,Schneider,Dir Tech Svcs,7,98674 Sleepy Oak Villa,MIDDLE BASS,ca,79502,485-107-8608,691-516-5962
923,Paulette,Hoffer,CDO,25,6293 Tawny Beacon Jetty,BELGRADE,ga,63012,641-279-5479,776-972-1022
924,Shane,Campisi,Dir Tech Svcs,7,52813 Indian Cloud Landing,LIMON,ca,75606,921-923-4005,114-372-7005
925,Seth,Scruggs,CDO,37,49416 Orange Cottage Ledge,EAST PALATKA,nd,01227,525-355-9275,987-652-4157
926,Heather,Powers,SVP,97,15510 Lonely Bridge Dale,RICEVILLE,ga,38725,755-484-6110,683-975-4481
927,Jason,Cook,CDO,4,56839 Colonial Grove Stead,LOUIN,ca,50333,888-841-8968,739-480-8177
928,Joyce,Deshields,CDO,62,59989 Umber Prairie Cove,MARMORA,tx,20675,439-354-7263,356-239-8468
929,Terri,Smith,SVP,98,8245 Jagged Forest Wander,ARNOLD,nj,03780,351-436-8149,885-339-1442
930,Lisa,Macaluso,CDO,61,94043 Rustic Pond Grove,MILAN,ky,06751,583-718-5647,705-513-3859
931,William,Nestor,CDO,7,54256 Lazy Bluff Falls,ROBERTS,ut,47164,451-786-2778,545-249-2618
932,Angela,Gonzales,SVP,90,33041 Cotton Prairie Swale,NAPERVILLE,az,36069,473-789-4630,754-103-6940
933,Samuel,Silvers,SVP,40,54881 Tender Butternut Mews,BROOKVILLE,oh,46057,450-305-8916,505-771-4789
934,Ralph,Dejesus,Dir Tech Svcs,41,75824 Big Apple Promenade,ARK,fl,94592,783-868-5334,280-647-7885
935,Ella,Horton,Dir Tech Svcs,31,74227 Shady Brook View,CHATHAM,ny,54742,208-987-3071,527-359-9258
936,Simon,Ramos,Dir Tech Svcs,97,52194 Hush Butterfly Quay,NORTH FALMOUTH,fl,08904,153-735-3355,819-804-8472
937,Trisha,Brown,CDO,99,12432 Sleepy Feather Manor,GLENDALE,va,18372,304-133-7577,396-115-6624
938,Matthew,Gregg,CDO,11,24567 Lost Harbor Pass,BUTLER,ca,70634,818-420-5690,878-307-8743
939,Jeffrey,Hawthorne,Dir Tech Svcs,47,48 Hazy Pumpkin Orchard,IVANHOE,fl,20848,835-330-1527,258-164-4017
940,Brian,Rogers,Dir Tech Svcs,75,27684 Pied Deer Edge,GALVESTON,ny,28520,667-118-8500,617-664-4317
941,Anthony,Frias,Analyst,30,6143 Shady Anchor Turn,WINONA,ny,22460,544-921-3879,298-282-8290
942,Linda,Wentzel,SVP,40,90955 Sandy Nectar Way,ALTON,mi,47348,760-881-3655,165-228-5095
943,Ruth,Lambert,CDO,93,28987 Rustic Acorn Shoal,COLLINSTON,tx,39354,447-170-4690,140-490-1113
944,Wanda,Burris,Analyst,97,1307 Noble Bird Twist,ATLANTA,fl,26855,781-771-6599,153-205-2343
945,Pamela,Henderson,Dir Tech Svcs,41,61113 Square Squirrel Pace,BROWNSBORO,ct,83804,466-793-4034,324-671-8227
946,Peggy,Kitchen,CDO,36,7747 Happy Willow Terrace,MISTLETOE,nj,72447,905-108-6683,581-798-7883
947,Linda,Walters,Dir Tech Svcs,77,18387 Harvest Embers Nook,EL PASO,or,06477,327-730-3698,887-607-3127
948,Doris,Cochran,Sr. Business Dr,50,93881 Hush Panda Circle,LANCASTER,il,48380,496-954-2482,751-543-1318
949,Michael,Baker,CDO,71,68494 Iron Pond Swale,MERLIN,az,68978,201-569-1912,666-923-6514
950,Lloyd,Lavelle,Dir Tech Svcs,10,656 Gentle Dove Vista,SACATON,ct,16563,486-836-2741,572-584-4326
951,Regina,Hunter,CDO,5,31238 Rough Flower Chase,ROBARDS,ks,47446,776-530-2024,552-582-5080
952,Linda,Singleton,Analyst,3,22494 Gentle Branch Summit,FISHKILL,il,20053,639-700-2981,840-610-2606
953,Sarah,Mccoy,CDO,6,25 Amber Nectar Grove,SMICKSBURG,ar,13329,736-255-1504,784-245-5238
954,Ann,Kennedy,SVP,45,49975 Cinder Autumn Bayou,SOUTH BEND,ar,71043,318-558-1726,608-803-2785
955,Esmeralda,Sanders,Dir Tech Svcs,61,7753 Old Autumn Street,CHARLESTON,mi,92424,968-848-1409,680-649-7611
956,Maranda,Smith,Analyst,89,254 Round Peach Field,LAGRO,ca,38324,940-285-7653,899-867-6950
957,Nathan,Bracewell,CDO,66,37957 Rose Pioneer Rove,HAPPY JACK,la,05301,365-848-2113,512-244-3867
958,Martha,Larson,Analyst,82,29506 High Oak View,SPARTANBURG,va,34777,770-555-1217,797-963-7178
959,Kathryn,Coughlan,Analyst,37,16514 Rocky Berry Hollow,MERIDEN,sc,23083,838-658-7180,853-557-9258
960,Edwina,Parker,CDO,66,67641 Still Axe Round,WILLOWS,fl,07481,646-769-6589,871-217-6514
961,William,Patterson,Dir Tech Svcs,82,1337 Merry Island Glen,EATON,tx,14095,652-429-5379,379-486-1045
962,Geraldine,Buss,Analyst,86,25618 Cozy Embers Flats,WASHINGTON,nv,21778,475-257-8898,705-940-6219
963,Karen,Babb,Analyst,64,8307 Quaint Maple Villa,FALLS CHURCH,ca,72828,428-284-9521,893-405-8722
964,Cathy,Thomas,SVP,74,8368 Crimson Cloud Circle,LYNDELL,fl,04262,164-941-2803,787-399-4534
965,Deborah,Nobles,SVP,38,14238 Gentle Holly Pass,PHILADELPHIA,pa,62909,685-250-3637,858-375-7303
966,Ursula,Laurie,Analyst,62,826 Still Wagon Stead,MILTON VILLAGE,ca,30557,197-479-1362,572-491-5235
967,Sofia,Chu,Analyst,53,2110 Velvet Peach Way,THE SEA RANCH,ca,60557,119-274-5434,252-933-7652
968,Simon,Mills,SVP,1,1544 Heather View Street,ALDERPOINT,nc,35295,165-725-8618,444-382-5805
969,Joe,Wilson,Analyst,46,2323 Quaking Zephyr Swale,FRUITLAND,fl,47165,816-156-6793,842-782-4679
970,Bella,Parrish,CDO,4,71177 Ivory Oak Highlands,HAYDEN,tx,32607,285-916-1955,670-640-9353
971,Larry,Allen,CDO,30,16242 Grand Peach Street,PORT WASHINGTON,ga,03298,756-147-9201,295-759-4126
972,Sybil,Kelsey,Analyst,52,20081 Lone Leaf Stead,MOUSIE,il,52306,453-550-2882,290-726-7671
973,Rory,Hill,Sr. Business Dr,80,1 Sweet Bridge Flats,GOODMAN,ca,72132,457-272-3282,406-256-5029
974,John,Bermudez,Analyst,63,95513 Turning Dove Terrace,BRONX,ny,10468,877-879-3924,540-866-6630
975,Ricky,Ensign,Dir Tech Svcs,92,79526 Harvest Mill Turn,BALTIMORE,ga,08988,852-842-2455,418-829-3432
976,Santiago,Underwood,CDO,94,1146 Round Grove Shoal,TRUJILLO ALTO,nj,85262,394-259-7075,217-591-2320
977,Beverly,Jones,Dir Tech Svcs,90,32105 Strong Elk Shoal,JEWETT,mn,23235,799-364-9411,923-946-1549
978,Terrie,Crosby,Dir Tech Svcs,15,55845 Thunder Robin Drive,CHAMBERS,ok,13812,778-247-3197,453-595-5009
979,Polly,Christianson,Analyst,36,36257 Fallen Log Swale,MIDLAND,ca,52225,754-145-5490,949-805-8750
980,Maria,Wiggins,Dir Tech Svcs,53,61646 Iron Nest Gardens,ORCAS,wa,55485,407-176-4480,946-983-7021
981,Margaret,Mcfarland,Sr. Business Dr,74,45448 Hazy Oak Avenue,SAGINAW,fl,80818,946-332-8417,760-216-1285
982,David,Jimenes,CDO,51,11476 Broad Autumn Lace,SIDELL,co,96038,248-423-1983,717-467-1276
983,Harold,Mabery,SVP,89,27059 Lazy Anchor Hollow,ETHELSVILLE,tx,37089,860-180-6024,988-427-6886
984,Nancy,Hall,Dir Tech Svcs,22,59129 Happy Grove Nook,CURRAN,nc,46380,493-655-1848,590-107-9195
985,Margaret,Johnson,SVP,28,18319 Round Snake Swale,MEADOW,ny,58220,295-924-8120,788-833-9266
986,Milo,Batchelder,Dir Tech Svcs,50,24691 Strong Acorn Arbor,CUBA CITY,nm,93954,620-844-1002,418-547-6853
987,Rhonda,Dillon,CDO,52,27708 Merry Feather Vale,HETH,ca,42038,706-655-6925,243-666-8002
988,Dorothy,Hicks,Analyst,20,76822 Birch Horse Avenue,MILFORD,ny,17021,824-679-7255,707-281-5064
989,Henry,Mcneal,CDO,72,1651 Clear Stone Glen,YORK NEW SALEM,ny,23231,148-956-3582,587-656-8084
990,Marvin,Morgan,Analyst,86,3127 Silver Spring Way,LYNCHBURG,ny,37221,132-723-6806,947-280-6264
991,Toby,Wheeler,SVP,55,22407 Lost Log Pace,NEW CANAAN,pa,34231,909-830-3253,849-553-1880
992,Eric,Matthias,Dir Tech Svcs,29,93533 Dusty Axe Gate,FPO,ga,85941,825-386-1706,934-692-6012
993,Eugene,Rich,CDO,89,29324 Silent Forest Flats,SULPHUR,tx,21035,599-464-9355,761-703-2463
994,Robert,Goodner,Analyst,6,593 Fallen Timber Crest,PE ELL,nc,99119,966-350-4218,438-812-4775
995,Tonya,Leach,Analyst,98,23404 Umber Horse Arbor,EMPIRE,fl,75370,875-222-1448,738-833-2538
996,Laura,Andrews,SVP,50,49212 Lazy Sky Court,APO,mo,57773,475-190-1655,196-797-3069
997,Jimmy,Pollack,Dir Tech Svcs,71,6675 Quiet Forest Manor,ARLINGTON,la,05649,583-888-3019,708-128-2193
998,Timothy,Gabriel,SVP,70,60856 Sunny Robin Promenade,VOLGA,md,79118,847-290-3449,296-680-1094
999,Adan,Marsh,Analyst,61,98633 Rocky Snake Meadow,IDALOU,ut,44438,220-170-9138,362-303-9138
1000,Jesus,York,SVP,5,2181 Quiet Rabbit Bend,ADAMS,me,31401,752-826-7370,955-108-2444
